-- phpMyAdmin SQL Dump
-- version 4.8.3
-- https://www.phpmyadmin.net/
--
-- 主機: 127.0.0.1:3306
-- 產生時間： 2020 年 11 月 22 日 07:38
-- 伺服器版本: 5.7.23
-- PHP 版本： 7.2.10

SET SQL_MODE = "NO_AUTO_VALUE_ON_ZERO";
SET AUTOCOMMIT = 0;
START TRANSACTION;
SET time_zone = "+00:00";


/*!40101 SET @OLD_CHARACTER_SET_CLIENT=@@CHARACTER_SET_CLIENT */;
/*!40101 SET @OLD_CHARACTER_SET_RESULTS=@@CHARACTER_SET_RESULTS */;
/*!40101 SET @OLD_COLLATION_CONNECTION=@@COLLATION_CONNECTION */;
/*!40101 SET NAMES utf8mb4 */;

--
-- 資料庫： `ed103g3`
--

-- --------------------------------------------------------

--
-- 資料表結構 `applychange`
--

DROP TABLE IF EXISTS `applychange`;
CREATE TABLE IF NOT EXISTS `applychange` (
  `APCH_NO` int(11) NOT NULL AUTO_INCREMENT,
  `APCH_MEMNO` int(11) NOT NULL,
  `APCH_WANT_EQNO` int(11) NOT NULL,
  `APCH_BR_EQNO` int(11) NOT NULL,
  `APCH_STATUS` tinyint(4) NOT NULL DEFAULT '0',
  `APCH_TIME` datetime NOT NULL,
  PRIMARY KEY (`APCH_NO`),
  KEY `APCH_MEMNO` (`APCH_MEMNO`),
  KEY `APCH_BR_EQNO` (`APCH_BR_EQNO`),
  KEY `APCH_WANT_EQNO` (`APCH_WANT_EQNO`)
) ENGINE=InnoDB AUTO_INCREMENT=5 DEFAULT CHARSET=utf8;

--
-- 資料表的匯出資料 `applychange`
--

INSERT INTO `applychange` (`APCH_NO`, `APCH_MEMNO`, `APCH_WANT_EQNO`, `APCH_BR_EQNO`, `APCH_STATUS`, `APCH_TIME`) VALUES
(3, 2, 28, 1, 0, '2020-11-02 08:16:11'),
(4, 3, 1, 20, 0, '2020-11-10 08:24:17');

-- --------------------------------------------------------

--
-- 資料表結構 `campcolloection`
--

DROP TABLE IF EXISTS `campcolloection`;
CREATE TABLE IF NOT EXISTS `campcolloection` (
  `CAMPCO_NO` int(11) NOT NULL AUTO_INCREMENT,
  `CAMPCO_MEMNO` int(11) NOT NULL,
  `CAMPCO_CAMNO` int(11) NOT NULL,
  PRIMARY KEY (`CAMPCO_NO`),
  KEY `CAMPCO_CAMNO` (`CAMPCO_CAMNO`),
  KEY `CAMPCO_MEMNO` (`CAMPCO_MEMNO`)
) ENGINE=InnoDB AUTO_INCREMENT=157 DEFAULT CHARSET=utf8;

--
-- 資料表的匯出資料 `campcolloection`
--

INSERT INTO `campcolloection` (`CAMPCO_NO`, `CAMPCO_MEMNO`, `CAMPCO_CAMNO`) VALUES
(2, 2, 1),
(3, 3, 10),
(7, 6, 1),
(8, 5, 1),
(9, 3, 5),
(13, 8, 2),
(17, 11, 4),
(18, 11, 8),
(19, 11, 14),
(20, 11, 13),
(21, 11, 5),
(22, 12, 4),
(23, 12, 6),
(24, 12, 5),
(25, 12, 15),
(26, 12, 9),
(27, 13, 15),
(28, 13, 5),
(29, 13, 4),
(30, 13, 7),
(31, 13, 10),
(32, 13, 12),
(33, 13, 11),
(34, 14, 13),
(35, 14, 5),
(37, 14, 1),
(38, 14, 15),
(39, 14, 10),
(40, 14, 11),
(41, 15, 14),
(42, 15, 6),
(43, 15, 8),
(44, 15, 10),
(45, 15, 16),
(46, 16, 15),
(47, 16, 11),
(48, 16, 10),
(49, 16, 6),
(50, 16, 3),
(51, 17, 3),
(52, 17, 1),
(53, 17, 12),
(54, 17, 13),
(55, 18, 16),
(56, 18, 1),
(57, 18, 5),
(58, 18, 9),
(59, 19, 8),
(60, 19, 6),
(61, 19, 10),
(62, 19, 12),
(63, 19, 7),
(64, 20, 5),
(65, 20, 4),
(71, 2, 6),
(73, 7, 5),
(75, 7, 14),
(76, 22, 14),
(83, 26, 1),
(85, 26, 10),
(87, 27, 6),
(88, 37, 5),
(89, 37, 10),
(90, 37, 2),
(91, 24, 2),
(94, 24, 15),
(95, 24, 8),
(96, 24, 9),
(97, 24, 13),
(98, 24, 10),
(99, 35, 2),
(100, 35, 11),
(101, 35, 5),
(102, 35, 1),
(103, 35, 10),
(104, 17, 2),
(105, 17, 14),
(106, 17, 7),
(107, 17, 8),
(108, 11, 6),
(109, 11, 15),
(110, 14, 2),
(111, 12, 2),
(112, 3, 2),
(113, 3, 12),
(114, 3, 7),
(115, 3, 14),
(116, 36, 2),
(117, 36, 15),
(118, 36, 5),
(119, 36, 10),
(120, 37, 16),
(121, 37, 11),
(122, 37, 12),
(123, 37, 8),
(124, 38, 2),
(125, 38, 5),
(126, 38, 16),
(127, 38, 13),
(128, 38, 11),
(130, 39, 2),
(131, 39, 8),
(132, 39, 13),
(133, 39, 15),
(134, 39, 11),
(135, 29, 7),
(136, 29, 16),
(137, 29, 13),
(138, 40, 10),
(139, 19, 5),
(141, 19, 14),
(147, 27, 1),
(148, 27, 2),
(149, 30, 2),
(150, 31, 8),
(151, 31, 6),
(152, 31, 11),
(153, 31, 12),
(154, 31, 1),
(155, 31, 13),
(156, 15, 3);

-- --------------------------------------------------------

--
-- 資料表結構 `camping`
--

DROP TABLE IF EXISTS `camping`;
CREATE TABLE IF NOT EXISTS `camping` (
  `CAM_NO` int(11) NOT NULL AUTO_INCREMENT,
  `CAM_NAME` varchar(20) DEFAULT NULL,
  `CAM_INTRODUCTION` text,
  `CAM_PIC1` varchar(30) DEFAULT NULL,
  `CAM_PIC2` varchar(30) DEFAULT NULL,
  `CAM_PIC3` varchar(30) DEFAULT NULL,
  `CAM_PIC4` varchar(30) DEFAULT NULL,
  `CAM_STATUS` tinyint(1) NOT NULL DEFAULT '1',
  `CAM_AREA` varchar(20) DEFAULT NULL,
  `CAM_COUNTY` varchar(20) DEFAULT NULL,
  `CAM_COORDINATE` varchar(50) NOT NULL,
  `CAM_ALTITUDE` varchar(30) DEFAULT NULL,
  `CAM_BATHROOM` varchar(50) DEFAULT NULL,
  `CAM_PET` tinyint(1) DEFAULT NULL,
  `CAM_FACILITY` varchar(100) DEFAULT NULL,
  `CAM_PRECAUTIONS` text,
  `CAM_ADDRESS` varchar(100) DEFAULT NULL,
  PRIMARY KEY (`CAM_NO`)
) ENGINE=InnoDB AUTO_INCREMENT=17 DEFAULT CHARSET=utf8;

--
-- 資料表的匯出資料 `camping`
--

INSERT INTO `camping` (`CAM_NO`, `CAM_NAME`, `CAM_INTRODUCTION`, `CAM_PIC1`, `CAM_PIC2`, `CAM_PIC3`, `CAM_PIC4`, `CAM_STATUS`, `CAM_AREA`, `CAM_COUNTY`, `CAM_COORDINATE`, `CAM_ALTITUDE`, `CAM_BATHROOM`, `CAM_PET`, `CAM_FACILITY`, `CAM_PRECAUTIONS`, `CAM_ADDRESS`) VALUES
(1, '確幸莊園', '位於新北市新店區的「確幸莊園」，為台北市近郊的露營區，前身為婚紗拍攝地，車程近、營區寬敞、景色優質，非常適合愛拍照又愛戶外露營的露友喔！', 'camping_1_1', 'camping_1_2', 'camping_1_3', 'camping_1_4', 1, '北部', '新北市', '24.926455,121.526396', '300m以下', '集中浴廁', 2, '生態池、冷凍、冷藏、吹風機、鞦韆', '※ 每營位限搭1睡帳、1客廳帳、1停車位，加車費(機車50元/台、汽車過夜200元/台、不過夜100元/台)，若搭小帳人數不得超過4人及使用範圍。\r\n※ 每營位限4人入住，第5人起，酌收人頭費250元/大人、100公分以下100元/小孩(上限6人)。\r\n※ 露營訪客不過夜酌收人頭費150元/大人、100公分以下100元/小孩，為保有露友休息品質，請配合於21:00離場。\r\n※ 遊園訪客酌收人頭費150元/大人、100公分以下100元/小孩，車費(機車50元/台、汽車過夜100元/台)，入園時間：09:00-17:00離場。\r\n※ 生態池禁止釣魚，可自備魚飼料、土司及餅乾享受餵魚的樂趣。', '新北市新店區新潭路二段27號'),
(2, '森森親子露營', '位於桃園溪洲公園四面環山的天然峽谷內，親近自然生態陶醉大自然舒壓。週邊生態豐富，親近可愛小動物 賞螢賞蝶花季繽紛，臨近活魚料理餐廳、泡湯景點，溪洲螢火蟲濕地保護區10分鐘，石門水庫1分鐘、離六福村、小人國、慈湖、拉拉山、小烏來(天空步道) 車程10~30分鐘內。', 'camping_2_1', 'camping_2_2', 'camping_2_3', 'camping_2_4', 1, '北部', '桃園市', '24.8289596,121.2616928', '300m以下', '親子衛浴、集中浴廁、澡盆/水桶/水瓢', 1, '戲水池、玩沙池、生態池、販賣部/販賣機、冷凍、冷藏、飲水機、吹風機、溜滑梯、鞦韆', '※ 每營位限搭1睡帳、1客廳帳、1停車位。\r\n※ 每營位限4人入住，第5人起，酌收人頭費100元/人(入住上限6人，3歲以下免費)。\r\n※ 電源/熱水：24小時供應\r\n※ A區B區在\"A區卸貨\"、C區D區在\"C區卸貨\"有提供手推車。\r\n※ 營區可提供開立收據，可洽營主索取。\r\n※ 平日訂位(星期日-星期四)不提供租賃裝備的服務。\r\n※ 包區如需加帳，需洽營主取得同意哦 ~', '桃園市大溪區福山一路118-1號'),
(3, '溪口台露營區', '位於桃園復興鄉，面有角板山山景 近小烏來天空步道、角板山行館、大溪老茶場、石門水庫，都可在車程約1小時內到達，園內有露天咖啡廳、畫板、氣墊城堡、沙坑、戲水池、泰雅獵人射箭、蚊子電影院、部落導覽~ 讓孩子們一整天玩不完~露營裝備租借~輕露營模式啟動中！', 'camping_3_1', 'camping_3_2', 'camping_3_3', 'camping_3_4', 1, '北部', '桃園市', '24.8028153,121.3420361', '301-500m', '分區浴廁、澡盆/水桶/水瓢、洗澡椅、附廁紙', 1, '戲水池、玩沙池、射箭、販賣部/販賣機、護草墊、冷凍、冷藏、飲水機、吹風機、球類遊具、氣墊遊具、塗鴨板', '※ 每營位限1睡帳、1客廳帳、1停車位\r\n※ 每營位限4人，第5人起酌收人頭費100元/人(上限為6人，6歲含以下免費)。\r\n※ 為維護露友休息品質，23：00後請不要使用吹風機及脫水機，敬請配合。\r\n※ 各區水電配置：約1-2帳共用1個，延長線請備10米以上\r\n※ C區可車停營位旁，可接車露。\r\n※ 30人以上團體可預約”原住民風味餐”，請於二週前洽營主預約喔。\r\n※ 每年的5月中旬起進入”拉拉山水蜜桃季節”，產自營主夫人娘家的水蜜桃園，產季期間每週末於營區內限量販售，新鮮別錯過囉!', '桃園市復興區羅馬路二段268號'),
(4, '綠果子休憩站', '交通便利的近郊園區、小朋友玩耍的天堂，綠油油的草皮區、輕露營首選，沙坑、戲水、溜滑梯等各種溜小孩的設施，應有盡有！', 'camping_4_1', 'camping_4_2', 'camping_4_3', 'camping_4_4', 1, '北部', '桃園市', '24.881858,121.299778', '300m以下', '分區浴廁', 1, '戲水池、玩沙池、生態池、販賣部/販賣機、餐點/咖啡、護草墊、冷凍、冷藏、飲水機、吹風機、溜滑梯、氣墊遊具', '※ 每營位限1睡帳、1客廳帳、1停車位，多一台車加收200元。\r\n※ 露宿車內，營位費用以每帳計算。\r\n※ 每營位限4人入住，第5人起，酌收人頭費200元/人(入住上限6人，幼兒園以下免費)。\r\n※ 訪客費用每人:100元+每車:100元，入場收費(不可抵消費)(訪客須於22:00前離場)。\r\n※ 餐廳供餐時間11:00~19:00(須提前預約)', '桃園市大溪區福山一路118-1號'),
(5, '相思園露營區', '園內步道景觀(櫻花/桃花/梨花/繡球花/野薑花,…)、相思園奇石、尖石山(海拔1124m, 國際航道三角點)、溪谷河流(油羅溪/那羅溪)、百萬雲海、眺望台灣海峽及北台灣風景(台北101,需晴空萬里無雲時)、北台灣夜景、星空月亮美景、5公里螢火蟲(每年5月)、北台灣最美夕陽…', 'camping_5_1', 'camping_5_2', 'camping_5_3', 'camping_5_4', 1, '北部', '新竹縣', '24.707975,121.223913 ', '1001-1500m', '集中浴廁、沐浴髮品、附廁紙', 1, '戲水池、玩沙池、裝備出租、護草墊、冷藏、吹風機、划船/划舟、球類遊具', '※ 每營位限4人, 1睡帳/1客廳/1免費停車位， 第5人起加收一人200元，多一車加收一車200元。\r\n(車位額外提供, 每帳入住上限6人, 客廳的部分不可改為內掛式睡帳私收訪客過夜)。\r\n※ 可接露營車一帳1000元/天 (車不可停在草皮上, 僅限停於停車區)。\r\n※ 附屬設施： 販賣部, 帳篷出租, 護草墊, 家用雙層冰箱, 衛生紙, 沐浴乳, 洗髮乳, 吹風機, 沙坑, 足球, 棒球, 九宮格。\r\n※ 營區有販售飲料，啤酒，礦泉水，泡麵，瓦斯罐，歡迎露友多加利用\r\n※ 水泥平台區，限三帳以上訂位(每帳5Mx7M)，最多可增加到4帳(5Mx5M)，如需增加請洽客服。\r\n※ 水泥地因無法下釘，一旁備有空心磚及欄杆可以綁營繩。', '新竹縣尖石鄉錦屏村2鄰比麟96號'),
(6, '紮營趣露營區', '海拔約500m 生態豐富 交通便利 讓露營成為一種生活樂趣~園內一草一木都是由營主親手打造，只為讓露友們有個舒適的環境。', 'camping_6_1', 'camping_6_2', 'camping_6_3', 'camping_6_4', 1, '北部', '苗栗縣', '24.4093121,120.904157', '301-500m', '親子衛浴、分區浴廁、澡盆/水桶/水瓢、洗澡椅、沐浴髮品、附廁紙', 2, '戲水池、玩沙池、生態池、裝備出租、護草墊、冷凍、冷藏、飲水機、吹風機、溜滑梯、季節賞花、彈跳床', '※ 每營位限1睡帳、1客廳帳、1停車位，加一車位多加200元。\r\n※ 每營位限4人入住，第5人起，酌收人頭費100元/人(入住上限6人，幼兒園以下免費)。\r\n※ 當日如有訪客(暫不需收費)，請事先告知，訪客車子請停放於營區外，並請於晚上10點前離場。\r\n※ 營帳為神殿、熊帳、怪獸帳、變形金剛、大型天幕者請訂2個營位。\r\n※ 此營區可接露營拖車&露營車&車頂帳。(需停共用停車場/無電箱及水槽/費用以每帳計算)可接受請洽露營樂客服或營主。\r\n※ 露宿車內，營位費用以每帳計算。\r\n※ 服務處旁空地設有冰箱供露友冷藏或冷凍食物，營地不負保管責任唷。\r\n※ 營區提供全區WIFI，D區收訊較不穩。\r\n※ 預約親子DIY：熱縮片DIY (如有需要預約，請提前洽營主確認當週是否開放活動)。', '苗栗縣大湖鄉大南村大南勢34-1號'),
(7, '梅林親水岸露營區', '位於台中新社，沐浴梅花林中，體驗豐富生態，溪流旁露營區，還有超豪華戲水SPA池，夏日清涼消暑首推。有住宿、餐廳、多元營位類型，適合三代同堂、親子家庭。', 'camping_7_1', 'camping_7_2', 'camping_7_3', 'camping_7_4', 1, '中部', '台中市', '24.153056,120.811028', '301-500m', '分區浴廁', 1, '戲水池、玩沙池、生態池、餐點/咖啡、冷凍、冷藏、溜滑梯、鞦韆', '※ 每營位限1睡帳1客廳帳1車。\r\n※ 營帳為神殿、熊帳、怪獸帳、變形金剛、5 X 8大天幕者，需提前告知，請訂2個營位。\r\n※ E區草地其中4帳，可接露營拖車&露營車&車頂帳，營位費用以每帳計算(請備註於訂單中)。\r\n※ 每營位限4人入住，第5人起，酌收人頭費100元/人(入住上限6人，3歲以下免費)。\r\n※ 四人房每限4人入住，第5人起，酌收人頭費600元/人(附早餐&床，入住上限6人，3歲以下免費)。\r\n※ 梅園親子日式4人套房&梅園親子彩繪4人套房此兩種房型無法加床。\r\n※ 住宿房間之露友請至SPA水池旁公共炊事空間烹煮，有提供桌椅可使用(其它請自備)(烤肉須事前先告知已利安排空間)。\r\n※ 住宿房間之露友有事先預約烤肉場地每人酌收清潔費50元。', '台中市新社區南華街28-1號'),
(8, '樹不老露營區', '位於南投仁愛鄉，坐擁得天獨厚美景，眼前連綿的山群只要雨勢一大，一道道瀑布就會在山谷間傾瀉而下，寧靜山村日出晨曦太美麗，天鵝戲水向山看雲太惬意。', 'camping_8_1', 'camping_8_2', 'camping_8_3', 'camping_8_4', 1, '中部', '南投縣', '24.0738248,120.9795118', '501-800m', '親子衛浴、集中浴廁、澡盆/水桶/水瓢、洗澡椅、附廁紙、男女浴廁分開', 1, '戲水池、玩沙池、開心農場、冷凍、冷藏、飲水機、吹風機、脫水機、季節賞花、球類遊具', '※ 每營位限搭1睡帳、1客廳帳、1停車位，多一台車加收500元。\r\n※ 露宿車內，營位費用以每帳計算。\r\n※ 每營位限5人入住，第6人起，酌收人頭費300元/人(入住上限6人，幼兒園以下免費)。', '南投縣仁愛鄉新生村山林巷46-2號'),
(9, '逸境生態露營區', '營區位於湖本村，每年夏季八色鳥前來棲息，環境生態豐富。擁有開放式柔軟大草坪，並設有雨棚區，是新露友最佳首選。逸境生態露營區提供遊戲沙坑、釣魚體驗、享受悠閒的好時光。', 'camping_9_1', 'camping_9_2', 'camping_9_3', 'camping_9_4', 1, '中部', '雲林縣', '23.7261695,120.6213536', '300m以下', '分區浴廁、沐浴髮品、附廁紙', 1, '釣魚池、戲水池、玩沙池、販賣部/販賣機、冷凍、冷藏、飲水機、吹風機', '※ 每帳基本入住4人，第5人起，一人加收200元(每帳入住上限6人，3歲以下孩童免收人頭費)\r\n※ 訪客：酌收清潔費$100/人（不可過夜，需要在晚上10點前離開）。\r\n※ 不開放「遊客/一日遊」。\r\n※ 營區內冰箱、飲水機、衛生紙、吹風機、衛浴附有洗髮沐浴乳用品\r\n※ 此營區不接露營拖車&露營車&車頂帳\r\n※ 營區使用山泉水\r\n※ 下訂球型帳&雙人房的無法攜帶寵物)\r\n※ 露營客釣魚(純娛魚是不收費/魚種:台灣鯛)；若釣起的魚要食用-每1尾-100元', '雲林縣林內鄉自強路1巷23號'),
(10, '晨光露營區', '阿里山旅遊基地，15分鐘到奮起湖老街，45分鐘到阿里山風景區。設有六帳南非狩獵帳，提供人來就好的豪華露營新選擇。適合首露族、三代同堂、閨蜜聚會與同學會的最佳選擇。', 'camping_10_1', 'camping_10_2', 'camping_10_3', 'camping_10_4', 1, '中部', '嘉義縣', '23.4640832,120.7035768', '1001-1500m', '集中浴廁、男女浴廁分開', 2, '開心農場、冷凍、冷藏、飲水機、季節賞花', '※提醒需「自備」項目：瓦斯罐、食材、炊煮用具、餐具、盥洗用品、延長線...等等。\r\n※ 每帳含１停車位，限4人入住，第5人起需加收清潔費，每人300元(不附寢具備品)。每帳上限6人(12歲以下計人不計費)。\r\n※ 承上，加人頭請先於網上完成預訂，如無預訂，經現場清點人頭則加收500元。\r\n※ 每帳含1停車位，加車費200元/車(每帳限加一部車) (需另外安排車位)，並備註於訂單中。\r\n', '嘉義縣阿里山鄉樂野村2鄰86號'),
(11, '春園休閒農場', '園區內四季宜人、綠葉茂盛朝氣十足，擁有遼闊景致視野。提供露營區、露營車及烤肉場地，讓露友徜徉在綠油油的草地上，賞景觀星、體驗戶外野營的渡假樂趣。', 'camping_11_1', 'camping_11_2', 'camping_11_3', 'camping_11_4', 1, '南區', '台南市', '23.119833,120.151722', '300m以下', '集中浴廁、澡盆/水桶/水瓢', 1, '戲水池、玩沙池、餐點/咖啡、烤肉區、飲水機、溜滑梯', '※ 每營位限搭1睡帳、1客廳帳、停1台車。\r\n※ 加人頭：每營位限4人入住，第5人起，酌收人頭費200元/人(入住上限6人)。\r\n※ 加服務：營區可接露營拖車&露營車&車頂帳 (每帳須加300元)，請直接線上訂位加購。\r\n※晚上十點園區熄燈\r\n※會館衛浴室提供時間至晚上十二點止\r\n※如需使用控窯或烤肉區，請現場與營主洽詢登記。\r\n', '台南市七股區看坪里46-10號'),
(12, '荖濃有機農場露營區', '四面環山、眼觀山嵐雲霧，呼吸清新空氣，體驗荖濃溪夏日清涼戲水，營區有機農場採蔬果、控土窯，團露大草皮、雨棚營位、兒童遊戲區，適合全家大小一同遊樂。', 'camping_12_1', 'camping_12_2', 'camping_12_3', 'camping_12_4', 1, '南區', '高雄市', '23.0719824,120.6711424', '301-500m', '集中浴廁', 1, '溪邊/水庫釣魚、戲水池、玩沙池、開心農場、冷藏、飲水機、吹風機、脫水機', '※ 人頭費:每一帳以4人為主，每多加一大人多加200元，加一小孩加100元，每帳入帳上限6人/三歲以下幼童免費人頭費。\r\n※ 每帳限搭1帳+1廳+1車，若多1車加收200元。\r\n※ 寵物每隻加收100元清潔費。\r\n※ 若不是露友的訪客入園費為每人250元。若是露友的訪客入園拜訪，每人入園費和清潔費是150元。\r\n※ 園區管理因素，晚上10:00至早上9:00謝絕入園，請露友估計好時間到園時間。\r\n※ 此營區為集中停車/不接露營拖車。\r\n※ 種菜苗活動每人收費50元。\r\n※ 採菜&採果樂費用以時價，秤斤計算。\r\n※ 控土窯:一個窯場地費250元(需先預訂、食物請露友自備)。', '高雄市六龜區荖濃里裕濃路81巷18號'),
(13, '海豚茉莉灣', '位於屏東枋山、海岸公路旁，坐擁海天一線和遠方山景，金黃夕陽、蔚藍海岸、百萬星空夜景，享受南台灣的熱情。露營、烤肉、沙灘海景、露營車專屬園區規劃，渡假露營最有感！', 'camping_13_1', 'camping_13_2', 'camping_13_3', 'camping_13_4', 1, '南區', '屏東縣', '22.2446846,120.6605232', '300m以下', '集中浴廁', 1, '戲水池、裝備出租、冷凍、冷藏、飲水機、吹風機、脫水機', '※ 每營位限1睡帳、1客廳帳、1停車位。\r\n※ 營區可接露營拖車，請訂「車帳營位」，車帳是車子可以停在營位旁邊，還是可以自搭帳棚。\r\n※營區內孩童玩耍，皆需家長自行全程陪同。\r\n※ 山區水源，易遇枯水期，請節約用水。', '屏東縣枋山鄉中山路三段61-1號'),
(14, '松蘿園林露營區', '松蘿園林位於宜蘭縣大同鄉，海拔700公尺，夏天避暑勝地，可俯瞰龜山島，擁有豐富自然生態。保留一大片草皮區，規劃滑草區、沙坑區，讓孩子們盡情敞佯在大自然中。', 'camping_14_1', 'camping_14_2', 'camping_14_3', 'camping_14_4', 1, '東區', '宜蘭縣', '24.6542071,121.5615935', '501-800m', '分區浴廁', 1, '戲水池、玩沙池、滑草區、冷凍、冷藏、吹風機', '※ 每營位限搭1睡帳、1客廳帳、1停車位(加車每台200元，因空間有限，按營主安排)。\r\n※ 每營位限4人，第5人起，加收人頭費200元/人(上限6人，3歲以下免費)。\r\n※ 戲水池開放中 (預計10月份過後，天氣涼則不開放)。\r\n※ 特約露營社團憑車貼折100元 (春節期間無法使用車貼優惠)。\r\n※ 營區全區可接露營車及小台的露營拖車。\r\n', '宜蘭縣大同鄉松羅村泰雅路二段96巷'),
(15, ' Ocean Chill 海憩露營區 ', '營地前後遼闊山景包場海灘，玩水看山親近大自然，5x7M大棧板營位帳篷不受限，提供貼心設備賓至如歸。\r\n在地特色旅遊代訂 溯溪、獨木舟、賞鯨、潛水、衝浪 等等。鄰近知名景點 太魯閣國家公園約7分鐘，新城火車站約5分鐘。', 'camping_15_1', 'camping_15_2', 'camping_15_3', 'camping_15_4', 1, '東區', '花蓮縣', '24.1093449,121.626496', '300m以下', '集中浴廁、沐浴髮品、附廁紙、男女浴廁分開', 1, '玩沙池、射箭、冷凍、冷藏、飲水機、吹風機、脫水機', '※ 每營位限搭1睡帳、1客廳帳、1停車位。\r\n※ 每營位限4人入住，第5人起，酌收人頭費200元/人(三歲以下免費)。\r\n※ 訪客來訪超過1小時需另酌收場地費100元/人。\r\n※ 營本部屋頂的露台可提供給露友曬帳收帳，請踴躍使用。', '花蓮縣新城鄉順安村北三棧 119之6號'),
(16, '老麥農場露營區', '台東絕佳旅遊營地，距離鹿野高台17分鐘、初鹿牧場8分鐘，鹿鳴吊橋景觀遊憩區8分鐘。自在舒壓、漫遊台東，放慢步調享受樂活。', 'camping_16_1', 'camping_16_2', 'camping_16_3', 'camping_16_4', 1, '東區', '台東縣', '22.874927,121.0958605', '300m以下', '集中浴廁', 1, '生態池、烤肉區、冷藏、飲水機', '※每帳限4人入住，第5人起每1人收100元(上限為6人，3 歲以下孩童免費)\r\n※每帳限搭1睡帳、1客廳、1停車位，露宿車內視同搭帳，比照每帳計費。\r\n※可接露營拖車、露營車、車頂帳，費用以每帳做計算。\r\n※營火區(有團體需要，請預先洽營主預約使用場地)\r\n※園內體驗活動：原住民射箭、提供卡拉OK(22:00前使用)，釣魚(需先洽營主)', '台東縣卑南鄉明峰村龍過脈8鄰119-1號');

-- --------------------------------------------------------

--
-- 資料表結構 `campinggroups`
--

DROP TABLE IF EXISTS `campinggroups`;
CREATE TABLE IF NOT EXISTS `campinggroups` (
  `GROUP_NO` int(11) NOT NULL AUTO_INCREMENT,
  `GROUP_MEMNO` int(11) NOT NULL,
  `GROUP_NAME` varchar(20) DEFAULT NULL,
  `GROUP_INTRO` text,
  `GROUP_CAM_NO` int(11) NOT NULL,
  `GROUP_PEOPLE_LIMIT` tinyint(4) DEFAULT NULL,
  `GROUP_PEOPLE_SIGNUP` tinyint(4) DEFAULT NULL,
  `GROUP_START_DATE` datetime DEFAULT NULL,
  `GROUP_DEADLINE` datetime DEFAULT NULL,
  `GROUP_DEPART_DATE` datetime DEFAULT NULL,
  `GROUP_STATUS` tinyint(4) NOT NULL DEFAULT '0',
  `GROUP_PIC1` varchar(30) DEFAULT NULL,
  `GROUP_PIC2` varchar(30) DEFAULT NULL,
  `GROUP_PIC3` varchar(30) DEFAULT NULL,
  `GROUP_REASON` varchar(100) DEFAULT NULL,
  PRIMARY KEY (`GROUP_NO`),
  KEY `GROUP_MEMNO` (`GROUP_MEMNO`),
  KEY `GROUP_CAM_NO` (`GROUP_CAM_NO`)
) ENGINE=InnoDB AUTO_INCREMENT=28 DEFAULT CHARSET=utf8;

--
-- 資料表的匯出資料 `campinggroups`
--

INSERT INTO `campinggroups` (`GROUP_NO`, `GROUP_MEMNO`, `GROUP_NAME`, `GROUP_INTRO`, `GROUP_CAM_NO`, `GROUP_PEOPLE_LIMIT`, `GROUP_PEOPLE_SIGNUP`, `GROUP_START_DATE`, `GROUP_DEADLINE`, `GROUP_DEPART_DATE`, `GROUP_STATUS`, `GROUP_PIC1`, `GROUP_PIC2`, `GROUP_PIC3`, `GROUP_REASON`) VALUES
(1, 2, '宇宙第一露營團', '「因為喜歡露營而經營露營」，這是營主Grace的夢想\r\n\r\n營主兩兄妹從小就非常喜歡露營，想要將自己最喜愛的露營活動分享給更多的露友，而誕生了希望之丘。營主融入英倫風格，創造出獨一無二的營地，處處都能看見營主的用心。\r\n\r\n便利的交通是希望之丘露營區的優勢，從國道五號的羅東交流道下，僅要三十分鐘左右的車程，而且不必跋山涉水，全段道路的品質都相當平坦且良好，即便一般的二驅房車，都可以輕鬆加掛露營拖車前來。\r\n\r\n營區被山包圍著，寧靜而清幽，設施簡約並維持著小而美的極簡質感。\r\n\r\n營區位於平地靠近梅花湖，Grace 認為露營無需冒生命危險，追求著高山狹路而步步驚心。\r\n\r\n也因交通便捷，海拔不高的關係，附近有許多好去處，搭好營帳後可以到附近的景點去逛逛呢!', 1, 10, 1, '2020-10-30 00:00:00', '2020-11-30 00:00:00', '2020-12-31 00:00:00', 0, 'G1.jpg', 'G2.jpg', 'G2.jpg', ''),
(2, 27, '世界第一露營團', '登上玉山，稍有難度的露營程度，歡迎有登百岳經驗的親朋有一同前來，不僅回味日出的美麗，也讓我們一同分享登山露營的趣事。登上玉山，稍有難度的露營程度，歡迎有登百岳經驗的親朋有一同前來，不僅回味日出的美麗，也讓我們一同分享登山露營的趣事。登上玉山，稍有難度的露營程度，歡迎有登百岳經驗的親朋有一同前來，不僅回味日出的美麗，也讓我們一同分享登山露營的趣事。', 1, 20, 2, '2020-10-22 00:00:00', '2020-11-19 00:00:00', '2020-11-26 00:00:00', 3, 'G1.jpg', 'G2.jpg', 'G3.jpg', ''),
(3, 27, '來去新竹露營', '登上玉山，稍有難度的露營程度，歡迎有登百岳經驗的親朋有一同前來，不僅回味日出的美麗，也讓我們一同分享登山露營的趣事。登上玉山，稍有難度的露營程度，歡迎有登百岳經驗的親朋有一同前來，不僅回味日出的美麗，也讓我們一同分享登山露營的趣事。登上玉山，稍有難度的露營程度，歡迎有登百岳經驗的親朋有一同前來，不僅回味日出的美麗，也讓我們一同分享登山露營的趣事。', 5, 50, 2, '2020-10-22 00:00:00', '2020-11-19 00:00:00', '2020-11-26 00:00:00', 0, 'G3.jpg', 'G1.jpg', 'G3.jpg', ''),
(4, 3, '來去嘉義露營', '登上玉山，稍有難度的露營程度，歡迎有登百岳經驗的親朋有一同前來，不僅回味日出的美麗，也讓我們一同分享登山露營的趣事。登上玉山，稍有難度的露營程度，歡迎有登百岳經驗的親朋有一同前來，不僅回味日出的美麗，也讓我們一同分享登山露營的趣事。登上玉山，稍有難度的露營程度，歡迎有登百岳經驗的親朋有一同前來，不僅回味日出的美麗，也讓我們一同分享登山露營的趣事。', 10, 15, 2, '2020-10-22 00:00:00', '2020-11-19 00:00:00', '2020-11-26 00:00:00', 0, 'G1.jpg', 'G1.jpg', 'G2.jpg', ''),
(5, 2, '宇宙第一露營團', '「因為喜歡露營而經營露營」，這是營主Grace的夢想\r\n\r\n營主兩兄妹從小就非常喜歡露營，想要將自己最喜愛的露營活動分享給更多的露友，而誕生了希望之丘。營主融入英倫風格，創造出獨一無二的營地，處處都能看見營主的用心。\r\n\r\n便利的交通是希望之丘露營區的優勢，從國道五號的羅東交流道下，僅要三十分鐘左右的車程，而且不必跋山涉水，全段道路的品質都相當平坦且良好，即便一般的二驅房車，都可以輕鬆加掛露營拖車前來。\r\n\r\n營區被山包圍著，寧靜而清幽，設施簡約並維持著小而美的極簡質感。\r\n\r\n營區位於平地靠近梅花湖，Grace 認為露營無需冒生命危險，追求著高山狹路而步步驚心。\r\n\r\n也因交通便捷，海拔不高的關係，附近有許多好去處，搭好營帳後可以到附近的景點去逛逛呢!', 5, 10, 3, '2020-10-30 00:00:00', '2020-11-30 00:00:00', '2020-12-31 00:00:00', 0, 'G2.jpg', 'G1.jpg', 'G3.jpg', ''),
(6, 3, '第一揪團', '登上玉山，稍有難度的露營程度，歡迎有登百岳經驗的親朋有一同前來，不僅回味日出的美麗，也讓我們一同分享登山露營的趣事。登上玉山，稍有難度的露營程度，歡迎有登百岳經驗的親朋有一同前來，不僅回味日出的美麗，也讓我們一同分享登山露營的趣事。登上玉山，稍有難度的露營程度，歡迎有登百岳經驗的親朋有一同前來，不僅回味日出的美麗，也讓我們一同分享登山露營的趣事。', 10, 8, 2, '2020-10-22 00:00:00', '2020-11-19 00:00:00', '2020-11-26 00:00:00', 0, 'G1.jpg', 'G1.jpg', 'G3.jpg', ''),
(8, 6, '哈洽馬露營囉', '跟著我一起去露營吧，ㄧ定很好玩，和我一起享受大自然吧。', 12, 10, 4, '2020-11-17 11:56:40', '2020-11-29 00:00:00', '2020-11-27 00:00:00', 0, 'G1', 'G2.jpg', 'G3.jpg', ''),
(9, 5, '第一次揪團露營', '以前都是和家人去，覺得揪團很有趣，有誰想一起去玩，順便交個朋友。松蘿以前去過。春天綠意盎然，很適合露營。記得要帶防蚊液。', 14, 15, 7, '2020-11-17 12:23:27', '2021-01-21 00:00:00', '2021-01-17 00:00:00', 0, 'G1.jpg', 'G2.jpg', 'G1.jpg', ''),
(10, 2, '來結婚', '徵友啟示', 7, 2, 0, '2020-11-17 14:40:20', '2027-10-17 00:00:00', '2020-11-18 00:00:00', 1, 'G1.jpg', 'G2.jpg', 'G1.jpg', ''),
(19, 18, '一起去露營吧', '梅林欽水岸露營區，特色：提供餐點代辦與設備出租服務，規劃有木板營位區、狩獵木屋區、汽車營位區、游泳池(全票60元、半票30元)、販賣部、餐廳、營火場等多項設施園，另外區內有美麗的景觀吊橋，河濱景觀公園。附近景點： 福隆海水浴場、草嶺古道行 、龍洞、鹽寮濱公園、大溪漁港。', 7, 30, 4, '2020-11-21 21:47:54', '2020-12-07 00:00:00', '2020-12-05 00:00:00', 0, 'C14.jpg', 'G1.jpg', 'G2.jpg', NULL),
(20, 17, '一起揪團跨年', '位於桃園復興鄉1400公尺的高海拔山上，印象中桃園高山上的露營區給的位置空間都不大，也鮮少有草地營位，而雲霧農場在露營場的規劃上雖然簡單，卻特別挪出草地空間供孩子奔跑玩耍，難怪在北部頗受好評。', 4, 15, 7, '2020-11-21 21:50:20', '2021-01-01 00:00:00', '2020-12-31 00:00:00', 0, 'G3.jpg', 'G4.jpg', 'G5.jpg', NULL),
(21, 16, '踏青出遊揪團趣', '除了提供草地營位、雨棚區，更打造彩色小木屋，讓沒有露營裝備的露友也能體驗戶外露營生活！從進入營地開始，就可以感受出營主夫妻對營地打造的用心，雖然是戶外生活，卻讓人有賓至如歸的感動。高海拔的營地隨季節的變化，可以欣賞到雲海、銀河、日出等的大自然美景。然而，此趟到訪，正逢營地內的李子樹結實累累，也讓我們品嚐現摘鮮果的美味。', 9, 10, 4, '2020-11-21 21:52:23', '2020-12-11 00:00:00', '2020-12-08 00:00:00', 0, 'G6jpg.jpg', 'G7.jpg', 'G8.jpg', NULL),
(22, 15, '周末快速露營', 'Glamping一字源於glamorous camping，意為豪華露營，兩大發源地為澳洲及非洲，將以往較日常生活不便的原野體驗昇華至如同度假一般的享受，包含帳篷、客艙、樹屋、蒙古包、木屋、露營車等住宿類型，以舒適乾淨又方便的體驗，一改對於戶外活動的定義與印象。', 13, 20, 6, '2020-11-12 21:54:03', '2020-12-06 00:00:00', '2020-12-05 00:00:00', 0, 'G9.jpg', 'G10.jpg', 'G11.jpg', NULL),
(23, 19, '聖誕節揪一波', '對這山頭，總是情有獨鍾，拜訪多次，山林中風光迷人、環山攬翠，高聳入雲端的山陵線，總讓人深深著迷、不忍離去，我相信，只要腳持續地走著，心不變動，就能看到心窩裡最美的風景，望著身旁的參天大樹，放下匆忙的脚步，鎖住自然中一霎挪的感动，能發現，生命原來如此的美好。', 14, 30, 10, '2020-11-21 21:57:21', '2021-02-26 00:00:00', '2020-12-24 00:00:00', 0, 'G11.jpg', 'G12.jpg', 'G13.jpg', NULL),
(24, 15, '逃離繁華', '營地:確幸莊園。收費標準：700元/帳，交通位置：經台68縣→尖石往宇老鐵馬驛站→竹60約22.3公里處左轉(往玉峰)方向接竹60-1至玉峰國小前即達。(導航搜詢：尖石鄉玉峰國小)。紮營時間：事先約時間，離場時間為下午15:00。海拔：700-800之間，營位費用：700元(營主一家十分樸實可愛，門口還有一間小販賣部)。', 1, 20, 7, '2020-11-18 22:00:05', '2020-12-17 00:00:00', '2020-12-15 00:00:00', 0, 'G11.jpg', 'G14.jpg', 'G15.jpeg', NULL),
(25, 28, '聯誼連起來~', '在台北火車站咖啡廳喔~\r\n男女要各半喔，自己看一下~\r\n', 3, 20, 1, '2020-11-19 22:08:15', '2020-12-06 00:00:00', '2020-12-05 00:00:00', 0, 'C1.jpg', 'C2.jpg', 'C3.jpg', NULL);

-- --------------------------------------------------------

--
-- 資料表結構 `equcollection`
--

DROP TABLE IF EXISTS `equcollection`;
CREATE TABLE IF NOT EXISTS `equcollection` (
  `EQUCOL_NO` int(11) NOT NULL AUTO_INCREMENT,
  `EQUCOL_MEMNO` int(11) NOT NULL,
  `EQUCOL_EQUNO` int(11) NOT NULL,
  PRIMARY KEY (`EQUCOL_NO`),
  KEY `EQUCOL_MEMNO` (`EQUCOL_MEMNO`),
  KEY `EQUCOL_EQUNO` (`EQUCOL_EQUNO`)
) ENGINE=InnoDB AUTO_INCREMENT=14 DEFAULT CHARSET=utf8;

--
-- 資料表的匯出資料 `equcollection`
--

INSERT INTO `equcollection` (`EQUCOL_NO`, `EQUCOL_MEMNO`, `EQUCOL_EQUNO`) VALUES
(2, 3, 2),
(11, 2, 43),
(12, 2, 51),
(13, 2, 37);

-- --------------------------------------------------------

--
-- 資料表結構 `equipment`
--

DROP TABLE IF EXISTS `equipment`;
CREATE TABLE IF NOT EXISTS `equipment` (
  `EQU_NO` int(11) NOT NULL AUTO_INCREMENT,
  `EQU_MEMNO` int(11) NOT NULL,
  `EQUSORT` int(11) DEFAULT NULL,
  `EQU_NAME` varchar(20) DEFAULT NULL,
  `EQU_DESCR` text,
  `EQU_POSTDATE` datetime DEFAULT NULL,
  `EQU_SWAPATATNO` tinyint(4) NOT NULL DEFAULT '0',
  `EQU_PIC1` varchar(30) NOT NULL DEFAULT 'defaul_photo.svg',
  `EQU_PIC2` varchar(30) DEFAULT 'defaul_photo.svg',
  `EQU_PIC3` varchar(30) DEFAULT 'defaul_photo.svg',
  `EQU_SWAP_ANO` int(11) DEFAULT NULL,
  PRIMARY KEY (`EQU_NO`),
  KEY `EQU_MEMNO` (`EQU_MEMNO`),
  KEY `EQU_SWAP_ANO` (`EQU_SWAP_ANO`),
  KEY `EQUSORT` (`EQUSORT`)
) ENGINE=InnoDB AUTO_INCREMENT=90 DEFAULT CHARSET=utf8;

--
-- 資料表的匯出資料 `equipment`
--

INSERT INTO `equipment` (`EQU_NO`, `EQU_MEMNO`, `EQUSORT`, `EQU_NAME`, `EQU_DESCR`, `EQU_POSTDATE`, `EQU_SWAPATATNO`, `EQU_PIC1`, `EQU_PIC2`, `EQU_PIC3`, `EQU_SWAP_ANO`) VALUES
(1, 27, 1, '防曬遮陽家庭帳篷', '單層帳以單層布料兼顧透氣、排濕及防風防水，由於大部分商品的重量都不會超過1.5kg，在攜帶時幾乎不會造成任何負擔；且搭設的步驟相當少，就算天氣狀況惡劣也能快速地建立營地，大幅節省時間跟精力。\r\n不過此類型的透氣性較差，濕氣容易累積在帳棚內導致返潮；而且沒有前庭等可遮蔽的場所放置雜物。有經驗的登山者大多會在意搭設及撤收營地的效率，且每個人背負的重量也需要仔細計算，所以單層帳在比較專業的登山團隊中還是佔有很大的優勢。', '2020-10-30 14:30:00', 0, 'f1-1.jpg', 'f1-2.jpg', 'f1-3.jpg', 42),
(2, 37, 1, '2房1廳家庭帳篷 ', '不僅適合居家室內使用，在3000公尺以上高山，零下數十度C的惡劣環境， 依舊保持八成功率；超輕量590g比一瓶礦泉水還要輕體積如一顆蘋果般的大小一手掌握，既不造成旅行負擔，更滿足喜好任何戶外活動的國人。\r\n無刺鼻瓦斯味、煤油味、臭炭味，使用時不用憋氣亦不汙染空氣，烹煮時不讓美食添上異味；免加壓，七秒鐘可完成起火，簡易調整火力。', '2020-10-28 00:00:00', 0, 'f2-1.jpg', 'f2-2.jpg', 'f2-3.jpg', NULL),
(3, 27, 1, '涼爽面料家庭帳 ', '可收闔的兩頁式後門，全黑膠塗層，阻隔刺眼陽光。\r\n大片前延系統，強化遮光擋雨片。\r\n頂級3000mm耐水壓，高防水等級。', '2020-11-04 00:00:00', 1, 'f3-1.jpg', 'f3-2.jpg', 'f3-3.jpg', 57),
(5, 27, 1, '露營充氣家庭帳篷 ', '270標準大內帳，搭配L號充氣床，小資族也能享受舒適露營。\r\n頂級遮光黑膠材質，遮光率達99.7%。', '2020-10-15 00:00:00', 1, 'f5-1.jpg', 'f5-2.jpg', 'f5-3.jpg', 57),
(7, 38, 1, 'Landbreeze家庭帳', '帳\r\n270標準大內帳，搭配L號充氣床，小資族也能享受舒適露營。\r\n頂級遮光黑膠材質，遮光率達99.7%。', '2020-10-16 00:00:00', 1, 'f7-1.jpg', 'f7-2.jpg', 'f7-3.jpg', NULL),
(8, 30, 1, 'Amenity家庭帳', '270標準大內帳，搭配L號充氣床，小資族也能享受舒適露營。\r\n頂級遮光黑膠材質，遮光率達99.7%。', '2020-10-17 00:00:00', 0, 'f8-1.jpg', 'f8-1.jpg', 'f8-1.jpg', NULL),
(11, 31, 2, '3人小型露營帳篷', '270標準大內帳，搭配L號充氣床，小資族也能享受舒適露營。\r\n頂級遮光黑膠材質，遮光率達99.7%。', '2020-10-20 00:00:00', 1, 's2-1.jpg', 's2-2.jpg', 's2-3.jpg', NULL),
(12, 28, 2, '3人通風露營帳篷 ', '270標準大內帳，搭配L號充氣床，小資族也能享受舒適露營。\r\n頂級遮光黑膠材質，遮光率達99.7%。', '2020-10-21 00:00:00', 0, 's3-1.jpg', 's3-2.jpg', 's3-3.jpg', NULL),
(15, 26, 2, '輕奢風金字塔帳篷', '270標準大內帳，搭配L號充氣床，小資族也能享受舒適露營。\r\n頂級遮光黑膠材質，遮光率達99.7%。', '2020-10-21 00:00:00', 0, 's8-1.jpg', 's8-2.jpg', 's8-3.jpg', NULL),
(16, 34, 2, 'Amenity寢室帳', '270標準大內帳，搭配L號充氣床，小資族也能享受舒適露營。\r\n頂級遮光黑膠材質，遮光率達99.7%。', '2020-10-07 00:00:00', 1, 's9-1.jpg', 's9-2.jpg', 's9-3.jpg', NULL),
(17, 29, 4, '輕便款登山更衣帳 ', '270標準大內帳，搭配L號充氣床，小資族也能享受舒適露營。\r\n頂級遮光黑膠材質，遮光率達99.7%。', '2020-10-21 00:00:00', 0, 'c1-1.jpg', 'c1-2.jpg', 'c1-3.jpg', NULL),
(18, 30, 4, '加大透氣更衣帳', '270標準大內帳，搭配L號充氣床，小資族也能享受舒適露營。\r\n頂級遮光黑膠材質，遮光率達99.7%。', '2020-10-14 00:00:00', 0, 'c2-1.jpg', 'c2-2.jpg', 'c2-3.jpg', NULL),
(19, 40, 4, '透氣涼感更衣帳', '內裡銀膠塗層，能有效阻隔紫外線。\r\n高密度尼龍纖維，可防潑水抗撕裂。\r\n輕鬆組裝更換容易，便於操作使用。\r\n可依照需求搭配炊事帳、布網使用。\r\n適用戶外露營、野餐烤肉、園遊會。', '2020-10-14 00:00:00', 0, 'c3-1.jpg', 'c3-2.jpg', 'c3-3.jpg', NULL),
(20, 27, 4, '新式通風更衣帳', '內裡銀膠塗層，能有效阻隔紫外線。\r\n高密度尼龍纖維，可防潑水抗撕裂。\r\n輕鬆組裝更換容易，便於操作使用。\r\n可依照需求搭配炊事帳、布網使用。\r\n適用戶外露營、野餐烤肉、園遊會。', '2020-10-14 00:00:00', 0, 'c4-1.jpg', 'c4-2.jpg', 'c4-3.jpg', NULL),
(24, 19, 4, 'VAR 雙峰更衣帳 Pro', '內裡銀膠塗層，能有效阻隔紫外線。\r\n高密度尼龍纖維，可防潑水抗撕裂。\r\n輕鬆組裝更換容易，便於操作使用。\r\n可依照需求搭配炊事帳、布網使用。\r\n適用戶外露營、野餐烤肉、園遊會。', '2020-10-18 00:00:00', 0, 'c9-1.jpeg', 'c9-2.jpeg', 'c9-3.jpeg', NULL),
(26, 23, 5, '遮陽天幕炊事帳篷', '噴塑平光新式樣。\r\nSmart也能輕鬆搭載的羽量級體積。\r\n三段可調椅背。\r\n雙層鋪棉。\r\n舒適安全的背面安全卡榫設計。\r\n腿邊小物籃，手機飲料都好用。\r\n可拆式頭靠枕，完整的放鬆紓壓。\r\n各強壯骨架 耐重達100公斤。\r\n一秒即刻完成架設展開。', '2020-10-30 00:00:00', 0, 'k2-1.jpg', 'k2-2.jpg', 'k2-3.jpg', NULL),
(27, 10, 5, '快速炊事帳', '噴塑平光新式樣。\r\nSmart也能輕鬆搭載的羽量級體積。\r\n三段可調椅背。\r\n雙層鋪棉。\r\n舒適安全的背面安全卡榫設計。\r\n腿邊小物籃，手機飲料都好用。\r\n可拆式頭靠枕，完整的放鬆紓壓。\r\n各強壯骨架 耐重達100公斤。\r\n一秒即刻完成架設展開。', '2020-10-28 00:00:00', 0, 'k3-1.jpeg', 'k3-2.jpeg', 'k3-3.jpg', NULL),
(28, 14, 5, '3.2米炊事帳', '噴塑平光新式樣。\r\nSmart也能輕鬆搭載的羽量級體積。\r\n三段可調椅背。\r\n雙層鋪棉。\r\n舒適安全的背面安全卡榫設計。\r\n腿邊小物籃，手機飲料都好用。\r\n可拆式頭靠枕，完整的放鬆紓壓。\r\n各強壯骨架 耐重達100公斤。\r\n一秒即刻完成架設展開。', '2020-10-29 00:00:00', 0, 'k5-1.jpg', 'k5-2.jpg', 'k5-3.jpg', NULL),
(34, 18, 3, '防風客廳帳篷', '大空間304不鏽鋼濾網 ， 使茶葉完全舒展開來 ， 享受品茶樂趣 ，告別惱人的茶渣。\r\n雙層濾網，第二道茶渣濾網 ， 304不鏽鋼耐酸鹼佳 ， 不易氧化 ， 不殘留氣味。', '2020-10-30 00:00:00', 0, 'l2-1.jpg', 'l2-2.jpg', 'l2-3.jpg', NULL),
(35, 39, 3, '充氣式客廳帳棚', '大空間304不鏽鋼濾網 ， 使茶葉完全舒展開來 ， 享受品茶樂趣 ，告別惱人的茶渣。\r\n雙層濾網，第二道茶渣濾網 ， 304不鏽鋼耐酸鹼佳 ， 不易氧化 ， 不殘留氣味。', '2020-11-02 00:00:00', 0, 'l3-1.jpg', 'l3-2.jpg', 'l3-3.jpg', NULL),
(36, 40, 3, '露營天幕客廳帳', '大空間304不鏽鋼濾網 ， 使茶葉完全舒展開來 ， 享受品茶樂趣 ，告別惱人的茶渣。\r\n雙層濾網，第二道茶渣濾網 ， 304不鏽鋼耐酸鹼佳 ， 不易氧化 ， 不殘留氣味。', '2020-10-31 00:00:00', 0, 'l4-1.jpg', 'l4-2.jpg', 'l4-3.jpg', NULL),
(37, 5, 3, '家庭充氣式帳篷', '大空間304不鏽鋼濾網 ， 使茶葉完全舒展開來 ， 享受品茶樂趣 ，告別惱人的茶渣。\r\n雙層濾網，第二道茶渣濾網 ， 304不鏽鋼耐酸鹼佳 ， 不易氧化 ， 不殘留氣味。', '2020-11-01 00:00:00', 0, 'l6-1.jpg', 'l6-2.jpg', 'l6-3.jpg', NULL),
(38, 5, 3, '1房1廳家庭帳', '大空間304不鏽鋼濾網 ， 使茶葉完全舒展開來 ， 享受品茶樂趣 ，告別惱人的茶渣。\r\n雙層濾網，第二道茶渣濾網 ， 304不鏽鋼耐酸鹼佳 ， 不易氧化 ， 不殘留氣味。', '2020-11-01 00:00:00', 0, 'l7-1.jpg', 'l7-2.jpg', 'l7-3.jpg', NULL),
(40, 32, 6, '夜空成人睡袋', '採用原液染色雙色內襯布料和原液染色紗線，以減少產品對環境的影響。紗線採用原液染色製成，避免使用染浴的方式。每二根紗線就有一根採用原液染色製成。與傳統內襯布料的比較： 減少65.8%微粒排放（PM2.5） 減少65.6%淡水優養化 減少76.7%海水優養化。', '2020-11-02 00:00:00', 0, 'sb1-1.jpg', 'sb1-2.jpg', 'sb1-3.jpg', NULL),
(41, 35, 6, '成人露營睡袋', '採用原液染色雙色內襯布料和原液染色紗線，以減少產品對環境的影響。紗線採用原液染色製成，避免使用染浴的方式。每二根紗線就有一根採用原液染色製成。與傳統內襯布料的比較： 減少65.8%微粒排放（PM2.5） 減少65.6%淡水優養化 減少76.7%海水優養化。', '2020-11-02 00:00:00', 0, 'sb2-1.jpg', 'sb2-2.jpg', 'sb2-3.jpg', NULL),
(42, 2, 6, '成人露營睡袋床墊', '紗線採用原液染色製成，避免使用染浴的方式。每二根紗線就有一根採用原液染色製成。\r\n與傳統內襯布料的比較： 減少65.8%微粒排放（PM2.5） 減少65.6%淡水優養化 減少76.7%海水優養化。', '2020-11-02 00:00:00', 0, 'sb3-1.jpg', 'sb3-2.jpg', 'sb3-3.jpg', NULL),
(43, 2, 6, 'FORCLAZ成人睡袋', '採用原液染色雙色內襯布料和原液染色紗線，以減少產品對環境的影響。\r\n紗線採用原液染色製成，避免使用染浴的方式。每二根紗線就有一根採用原液染色製成。\r\n與傳統內襯布料的比較： 減少65.8%微粒排放（PM2.5） 減少65.6%淡水優養化 減少76.7%海水優養化。', '2020-11-03 00:00:00', 1, 'sb4-1.jpg', 'sb4-2.jpg', 'sb4-3.jpg', NULL),
(44, 3, 6, '成人純棉露營睡袋', '採用原液染色雙色內襯布料和原液染色紗線，以減少產品對環境的影響。\r\n紗線採用原液染色製成，避免使用染浴的方式。每二根紗線就有一根採用原液染色製成。\r\n與傳統內襯布料的比較： 減少65.8%微粒排放（PM2.5） 減少65.6%淡水優養化 減少76.7%海水優養化。', '2020-11-02 03:09:06', 0, 'sb5-1.jpg', 'sb5-2.jpg', 'sb5-3.jpg', NULL),
(47, 3, 6, '成人露營睡袋', '採用原液染色雙色內襯布料和原液染色紗線，以減少產品對環境的影響。\r\n紗線採用原液染色製成，避免使用染浴的方式。每二根紗線就有一根採用原液染色製成。\r\n與傳統內襯布料的比較： 減少65.8%微粒排放（PM2.5） 減少65.6%淡水優養化 減少76.7%海水優養化。', '2020-10-23 00:00:00', 0, 'sb8-1.jpg', 'sb8-2.jpg', 'sb8-3.jpg', NULL),
(48, 2, 6, '成人保暖露營輕便毯', '採用原液染色雙色內襯布料和原液染色紗線，以減少產品對環境的影響。\r\n紗線採用原液染色製成，避免使用染浴的方式。每二根紗線就有一根採用原液染色製成。\r\n與傳統內襯布料的比較： 減少65.8%微粒排放（PM2.5） 減少65.6%淡水優養化 減少76.7%海水優養化。', '2020-11-17 00:00:00', 0, 'sb9-1.jpg', 'sb9-2.jpg', 'sb9-3.jpg', NULL),
(49, 3, 7, '兒童露營睡袋', '採用原液染色雙色內襯布料和原液染色紗線，以減少產品對環境的影響。\r\n紗線採用原液染色製成，避免使用染浴的方式。每二根紗線就有一根採用原液染色製成。\r\n與傳統內襯布料的比較： 減少65.8%微粒排放（PM2.5） 減少65.6%淡水優養化 減少76.7%海水優養化。', '2020-11-03 00:00:00', 0, 'sb10-1.jpg', 'sb10-2.jpg', 'sb10-3.jpg', NULL),
(50, 2, 7, '兒童露營棉質睡袋', '採用原液染色雙色內襯布料和原液染色紗線，以減少產品對環境的影響。\r\n紗線採用原液染色製成，避免使用染浴的方式。每二根紗線就有一根採用原液染色製成。\r\n與傳統內襯布料的比較： 減少65.8%微粒排放（PM2.5） 減少65.6%淡水優養化 減少76.7%海水優養化。', '2020-11-01 00:00:00', 0, 'sb11-1.jpg', 'sb11-2.jpg', 'sb11-3.jpg', NULL),
(51, 3, 7, '兒童露營睡袋床墊', '採用原液染色雙色內襯布料和原液染色紗線，以減少產品對環境的影響。\r\n紗線採用原液染色製成，避免使用染浴的方式。每二根紗線就有一根採用原液染色製成。\r\n與傳統內襯布料的比較： 減少65.8%微粒排放（PM2.5） 減少65.6%淡水優養化 減少76.7%海水優養化。', '2020-10-31 00:00:00', 0, 'sb12-1.jpg', 'sb12-2.jpg', 'sb12-3.jpg', NULL),
(52, 2, 7, '登山健行兒童睡袋', '採用原液染色雙色內襯布料和原液染色紗線，以減少產品對環境的影響。\r\n紗線採用原液染色製成，避免使用染浴的方式。每二根紗線就有一根採用原液染色製成。\r\n與傳統內襯布料的比較： 減少65.8%微粒排放（PM2.5） 減少65.6%淡水優養化 減少76.7%海水優養化。', '2020-11-01 00:00:00', 0, 'sb13-1.jpg', 'sb13-2.jpg', 'sb13-3.jpg', NULL),
(53, 2, 8, '雙人登山睡袋', '採用原液染色雙色內襯布料和原液染色紗線，以減少產品對環境的影響。\r\n紗線採用原液染色製成，避免使用染浴的方式。每二根紗線就有一根採用原液染色製成。\r\n與傳統內襯布料的比較： 減少65.8%微粒排放（PM2.5） 減少65.6%淡水優養化 減少76.7%海水優養化。', '2020-11-01 00:00:00', 1, 'sb14-1.jpg', 'sb14-2.jpg', 'sb14-3.jpg', NULL),
(54, 27, 8, '雙人登山睡袋', '採用原液染色雙色內襯布料和原液染色紗線，以減少產品對環境的影響。\r\n紗線採用原液染色製成，避免使用染浴的方式。每二根紗線就有一根採用原液染色製成。\r\n與傳統內襯布料的比較： 減少65.8%微粒排放（PM2.5） 減少65.6%淡水優養化 減少76.7%海水優養化。', '2020-10-28 00:00:00', 0, 'sb15-1.jpg', 'sb15-2.jpg', 'sb15-3.jpg', NULL),
(55, 2, 8, '雙人露營睡袋', '採用原液染色雙色內襯布料和原液染色紗線，以減少產品對環境的影響。\r\n紗線採用原液染色製成，避免使用染浴的方式。每二根紗線就有一根採用原液染色製成。\r\n與傳統內襯布料的比較： 減少65.8%微粒排放（PM2.5） 減少65.6%淡水優養化 減少76.7%海水優養化。', '2020-11-02 00:00:00', 0, 'sb16-1.jpg', 'sb16-2.jpg', 'sb16-3.jpg', NULL),
(56, 3, 8, '雙人舒適款充氣床墊', '採用原液染色雙色內襯布料和原液染色紗線，以減少產品對環境的影響。\r\n紗線採用原液染色製成，避免使用染浴的方式。每二根紗線就有一根採用原液染色製成。\r\n與傳統內襯布料的比較： 減少65.8%微粒排放（PM2.5） 減少65.6%淡水優養化 減少76.7%海水優養化。', '2020-11-02 00:00:00', 0, 'sb18-1.jpg', 'sb18-2.jpg', 'sb18-3.jpg', NULL),
(57, 3, 11, '多功能兩用 露營燈', '露營燈上下端都有反光鏡片，能使燈光照的更遠更均勻。\r\n頂部有指南針，不用擔心露營途中迷路。\r\n附有不銹鋼掛勾，可直接吊掛使用。\r\n送禮自用兩相宜。\r\n可當居家生活，緊急照明。\r\n野外露營，夜間照明。\r\n登山探險，輕便照明。\r\n單車出遊，型車照明。', '2020-10-21 00:00:00', 0, 'it2-1 .jpg', 'it2-2 .jpg', 'it2-3 .jpg', NULL),
(58, 3, 11, 'CPMAX露營燈', '露營燈上下端都有反光鏡片，能使燈光照的更遠更均勻。\r\n頂部有指南針，不用擔心露營途中迷路。\r\n附有不銹鋼掛勾，可直接吊掛使用。\r\n送禮自用兩相宜。\r\n可當居家生活，緊急照明。\r\n野外露營，夜間照明。\r\n登山探險，輕便照明。\r\n單車出遊，型車照明。', '2020-10-22 00:00:00', 0, 'it4-1.jpg', 'it4-2.jpg', 'it4-3.jpg', NULL),
(59, 2, 11, '行動冰箱', '露營燈上下端都有反光鏡片，能使燈光照的更遠更均勻。\r\n頂部有指南針，不用擔心露營途中迷路。\r\n附有不銹鋼掛勾，可直接吊掛使用。\r\n送禮自用兩相宜。\r\n可當居家生活，緊急照明。\r\n野外露營，夜間照明。\r\n登山探險，輕便照明。\r\n單車出遊，型車照明。', '2020-11-01 00:00:00', 0, 'it5-1.jpg', 'it5-2.jpg', 'it5-3.jpg', NULL),
(60, 3, 11, '手提折疊水袋 ', '露營燈上下端都有反光鏡片，能使燈光照的更遠更均勻。\r\n頂部有指南針，不用擔心露營途中迷路。\r\n附有不銹鋼掛勾，可直接吊掛使用。\r\n送禮自用兩相宜。\r\n可當居家生活，緊急照明。\r\n野外露營，夜間照明。\r\n登山探險，輕便照明。\r\n單車出遊，型車照明。', '2020-11-01 00:00:00', 0, 'it6-1.jpg', 'it6-2.jpg', 'it6-3.jpg', NULL),
(61, 2, 11, '戶外求生裝備盒', '露營燈上下端都有反光鏡片，能使燈光照的更遠更均勻。\r\n頂部有指南針，不用擔心露營途中迷路。\r\n附有不銹鋼掛勾，可直接吊掛使用。\r\n送禮自用兩相宜。\r\n可當居家生活，緊急照明。\r\n野外露營，夜間照明。\r\n登山探險，輕便照明。\r\n單車出遊，型車照明。', '2020-11-02 00:00:00', 0, 'it9-1.jpg', 'it9-2.jpg', 'it9-3.jpg', NULL),
(63, 27, 9, '鋁合金大川桌', '我們與其他的露營客一同針對這款露營桌椅組的舒適度及耐用度進行實地測試。無論是在侏羅或是奧文尼，我們盡可能在各種天氣條件下走訪不同地點。', '2020-11-01 00:00:00', 0, 't3-1.jpg', 't3-3.jpg', 'defaul_photo.svg', NULL),
(65, 30, 9, '戶外露營摺疊桌', '我們與其他的露營客一同針對這款露營桌椅組的舒適度及耐用度進行實地測試。\r\n無論是在侏羅或是奧文尼，我們盡可能在各種天氣條件下走訪不同地點。', '2020-11-02 00:00:00', 0, 't7-1.jpg', 't7-3.jpg', 'defaul_photo.svg', NULL),
(66, 2, 10, '不鏽鋼 熱水壺', '大空間304不鏽鋼濾網 ， 使茶葉完全舒展開來 ， 享受品茶樂趣 ，告別惱人的茶渣。\r\n雙層濾網，第二道茶渣濾網 ， 304不鏽鋼耐酸鹼佳 ， 不易氧化 ， 不殘留氣味。', '2020-11-02 00:00:00', 0, 'co4-1.jpg', 'co4-2.jpg', 'co4-3.jpg', NULL),
(67, 27, 10, '野炊8件鍋具組', '大空間304不鏽鋼濾網 ， 使茶葉完全舒展開來 ， 享受品茶樂趣 ，告別惱人的茶渣。\r\n雙層濾網，第二道茶渣濾網 ， 304不鏽鋼耐酸鹼佳 ， 不易氧化 ， 不殘留氣味。', '2020-11-04 00:00:00', 1, 'co7-1.jpg', 'co7-2.jpg', 'co7-3.jpg', NULL),
(68, 3, 10, '飲用水袋 登山露營', '大空間304不鏽鋼濾網 ， 使茶葉完全舒展開來 ， 享受品茶樂趣 ，告別惱人的茶渣。\r\n雙層濾網，第二道茶渣濾網 ， 304不鏽鋼耐酸鹼佳 ， 不易氧化 ， 不殘留氣味。', '2020-11-01 00:00:00', 0, 'co8-1.jpg', 'co8-2.jpg', 'co8-3.jpg', NULL),
(74, 12, 6, '信封型睡袋型', '「睡袋」是露營或登山時不可或缺的用品，季節不同，舒適溫度與極限溫度也會差很多。\r\n\r\n每一個戶外活動愛好者都希望負重越小越好，因此選擇一個好收納的輕巧睡袋是很重要的，\r\n\r\n其收納性越好，行李就越輕盈無負擔。適合四季使用，另附精緻外提袋收納！', '2020-11-18 15:10:12', 0, '7424055_R.jpg', '7424055_R4.jpg', '7424055_R5.jpg', NULL),
(75, 12, 9, '4人野餐桌', '生活休憩工作學習戶外休閒折疊輕便隨時隨地', '2020-11-18 15:12:47', 0, '000001_1596078224.jpg', 'defaul_photo.svg', 'defaul_photo.svg', NULL),
(76, 14, 11, '多功能求生手環', '具有您在荒野中生存所需的所有功能，非常適合露營，遠足，狩獵，釣魚或其他戶外探險。\r\n-警報器、可產生高達130db的噪音。\r\n-SOS LED緊急手電筒、可以幫助救援人員在夜間找到你。\r\n-起火器/切割刀、磨擦燧石起火也可用於切割。\r\n-哨子、可發出巨大哨聲。\r\n-指南針、指導正確的方向。\r\n-溫度計、顯示周邊環境溫度\r\n-救援繩、完全展開長度可達2米。\r\n-易於存放和隨身攜帶、只需將其戴在手腕上或將其卡在背包上。', '2020-11-18 11:50:18', 0, 'i010002_1562238343.jpg', 'i010004_1562238343.jpg', 'i010006_1562238343.jpg', NULL),
(78, 14, 10, '迷你卡式爐', '*不鏽鋼材質耐用且不容易生鏽\r\n*極簡設計光澤質感時尚新美學\r\n*爐架精巧易拆方便收納好整理\r\n*三重安全防護裝置使用更放心\r\n*梯形爐頭火力分布均勻加熱快', '2020-11-18 20:01:13', 0, 'kove_gasStove_cube_03_1000.jpg', 'kove_gasStove_cube_01_1000.jpg', 'defaul_photo.svg', NULL),
(79, 15, 11, '野營錘', '■銅頭可吸收反震力,減少使用時衝擊\r\n■優質光滑木質手柄，握感舒適好施力\r\n■鑄鐵材質耐磨耐腐蝕，更加堅固安全\r\n■反面拔釘鉤設計，方便迅速拔除營釘\r\n■附加固定套繩，使用時更牢固不易脫手\r\n■登山露營、木工DIY、居家工具箱必備\r\n', '2020-11-18 20:31:29', 0, '000001_1535074876.jpg', 'defaul_photo.svg', 'defaul_photo.svg', NULL),
(80, 16, 10, '不沾鍋3鍋5件組', '■一鍋多用:\r\n• 完美收納: 可拆式把手設計，鍋具可層疊收納節省空間，外出露營也方便攜帶\r\n• 可進烤箱: 適用於各式爐具(電磁爐除外)，拆卸把手後也可於烤箱使用\r\n• 直接上桌: 外型設計美觀，做好菜可直接上桌\r\n• 存放冰箱: 搭配密封塑膠鍋蓋可存放於冰箱，吃不完的食物輕鬆保鮮 *密封塑膠鍋蓋可另外添購\r\n• 戶外料理: 不沾塗層容易清潔，戶外露營使用方便\r\n■組合包含:\r\n•22 / 26公分平底鍋\r\n•18 公分湯鍋\r\n•18 公分塑膠鍋蓋\r\n•可拆式把手\r\n■法國特福獨特經典佳溫紅心設計，掌握最佳下鍋時機，確保食物美味\r\n■Super Glide 不沾塗層，清潔容易，不含PFOA 與鉛鎘等重金屬物質\r\n■PTFE 不沾外層鍋身，容易清潔\r\n■適用於各式爐具，電磁爐除外\r\n■可拆式把手\r\n•三點固定設計，讓可拆式把手固定於鍋具時更加安全穩固不鬆動\r\n•符合人體工學，單手即可操作，簡單輕鬆一鍵就能轉換不同大小的鍋子', '2020-11-18 20:37:16', 0, '000001_1602125287.jpg', 'defaul_photo.svg', 'defaul_photo.svg', NULL),
(82, 17, 11, '單人充氣床', '◆收縮整重僅1kg，輕便更易帶\r\n◆高強度牛津布面料，防撕耐磨\r\n◆邊緣硬挺設計，快速充氣開口\r\n◆雙氣囊設計，防漏氣雙重保障\r\n◆高品質鎖合扣，堅固耐用不松脫\r\n◆全新升級設計，承重高達200公斤\r\n◆便攜收納設計，出行攜帶更方便\r\n◆78寸大面積，寬長尺寸盡情舒展\r\n◆靠枕+觸膚透氣面料，使用更舒適\r\n◆防側翻工學設計，穩定使用更放心', '2020-11-18 20:49:46', 0, '000001_1594185210.jpg', 'defaul_photo.svg', 'defaul_photo.svg', NULL),
(83, 27, 11, '露營木炭暖爐', '★戶外露營取暖利器\r\n★爐頂可放置茶壺/咖啡壺，保溫加熱更便利\r\n★寒冷的冬天也能開心露營去', '2020-11-18 21:16:33', 0, '000001_1566898747.jpg', 'i010003_1462959810.jpg', 'defaul_photo.svg', NULL),
(84, 19, 11, '滅火之王', '520克超大容量、強力噴射不卡粉\r\n分次噴射更靈活、保固期間免換新\r\n\r\n美觀時尚/重量輕巧、分次噴射/效果更好\r\n輕鬆上手/強力滅火、耐熱防爆/車用居家\r\n攜帶方便/不占空間、高額投保/品質保障\r\n\r\n適用ABC類火災\r\n通過SGS檢驗耐高溫80度C\r\n最高富邦產物保障5000萬', '2020-11-18 21:19:05', 0, '000001_1604287770.jpg', 'defaul_photo.svg', 'defaul_photo.svg', NULL),
(86, 29, 1, 'Apple iphone12', '5G (sub-6 GHz)4。\r\nGigabit LTE，具 4x4 MIMO 與 LAA 技術4。\r\nWi-Fi 6 (802.11ax)，具 2x2 MIMO 技術。\r\n藍牙 5.0 無線技術。\r\n超寬頻晶片用於空間感知5。\r\nNFC 具備讀取模式。\r\n可使用備用電量的快速卡。', '2020-11-22 00:19:38', 0, 'Apple iphone12.jpg', 'Apple iphone12-2.jpg', 'Apple iphone12-3.jpg', NULL),
(87, 28, 11, '潛水設備', '我有不要的蛙鏡，只用過一次，後來溺水就不想去了。歡迎有意者。', '2020-11-22 10:20:54', 0, '21301100958112_490.jpg', 'cressi-f1-frameless.jpg', 'unnamed.jpg', NULL);

-- --------------------------------------------------------

--
-- 資料表結構 `equsort`
--

DROP TABLE IF EXISTS `equsort`;
CREATE TABLE IF NOT EXISTS `equsort` (
  `EQUSORT_NO` int(11) NOT NULL AUTO_INCREMENT,
  `EQUSORT_EQUNAME` varchar(20) DEFAULT NULL,
  PRIMARY KEY (`EQUSORT_NO`)
) ENGINE=InnoDB AUTO_INCREMENT=12 DEFAULT CHARSET=utf8;

--
-- 資料表的匯出資料 `equsort`
--

INSERT INTO `equsort` (`EQUSORT_NO`, `EQUSORT_EQUNAME`) VALUES
(1, '家庭帳'),
(2, '小型帳'),
(3, '客廳帳'),
(4, '更衣帳'),
(5, '炊事帳'),
(6, '成人睡袋'),
(7, '兒童睡袋'),
(8, '雙人睡袋'),
(9, '桌椅'),
(10, '炊具'),
(11, '小物');

-- --------------------------------------------------------

--
-- 資料表結構 `group_detail`
--

DROP TABLE IF EXISTS `group_detail`;
CREATE TABLE IF NOT EXISTS `group_detail` (
  `G_DEATIL_NO` int(11) NOT NULL AUTO_INCREMENT,
  `G_DEATIL_GROUP_NO` int(11) NOT NULL,
  `G_DETAIL_MEMNO` int(11) NOT NULL,
  `G_DATEIL_PARTNUM` tinyint(4) NOT NULL DEFAULT '1',
  PRIMARY KEY (`G_DEATIL_NO`),
  KEY `G_DEATIL_GROUP_NO` (`G_DEATIL_GROUP_NO`),
  KEY `G_DETAIL_MEMNO` (`G_DETAIL_MEMNO`)
) ENGINE=InnoDB AUTO_INCREMENT=75 DEFAULT CHARSET=utf8;

--
-- 資料表的匯出資料 `group_detail`
--

INSERT INTO `group_detail` (`G_DEATIL_NO`, `G_DEATIL_GROUP_NO`, `G_DETAIL_MEMNO`, `G_DATEIL_PARTNUM`) VALUES
(2, 2, 3, 3),
(4, 1, 2, 1),
(5, 8, 6, 1),
(6, 9, 5, 1),
(19, 5, 7, 1),
(20, 9, 24, 1),
(21, 8, 24, 1),
(22, 9, 18, 1),
(23, 5, 18, 1),
(24, 19, 18, 1),
(25, 20, 17, 1),
(26, 21, 16, 1),
(27, 22, 15, 1),
(28, 23, 15, 1),
(29, 23, 24, 1),
(30, 24, 15, 1),
(31, 24, 35, 1),
(32, 19, 35, 1),
(33, 9, 35, 1),
(34, 24, 17, 1),
(35, 23, 17, 1),
(36, 25, 11, 1),
(37, 22, 16, 1),
(38, 19, 16, 1),
(39, 9, 16, 1),
(40, 24, 14, 1),
(41, 20, 14, 1),
(42, 23, 14, 1),
(43, 21, 12, 1),
(44, 9, 12, 1),
(45, 22, 3, 1),
(46, 21, 36, 1),
(47, 20, 36, 1),
(48, 20, 37, 1),
(49, 22, 37, 1),
(50, 23, 38, 1),
(51, 20, 38, 1),
(52, 23, 39, 1),
(53, 24, 39, 1),
(54, 22, 39, 1),
(56, 26, 27, 1),
(57, 21, 27, 1),
(58, 24, 27, 1),
(61, 23, 18, 1),
(62, 9, 19, 1),
(63, 8, 19, 1),
(64, 23, 19, 1),
(65, 23, 7, 1),
(66, 24, 7, 1),
(67, 23, 40, 1),
(68, 20, 40, 1),
(69, 19, 31, 1),
(70, 8, 31, 1),
(71, 22, 31, 1),
(72, 3, 31, 1),
(73, 6, 31, 1),
(74, 20, 15, 1);

-- --------------------------------------------------------

--
-- 資料表結構 `group_mes`
--

DROP TABLE IF EXISTS `group_mes`;
CREATE TABLE IF NOT EXISTS `group_mes` (
  `GROUP_MES_NO` int(11) NOT NULL AUTO_INCREMENT,
  `GROUP_MES_GROUPNO` int(11) NOT NULL,
  `GROUP_MES_MEMNO` int(11) NOT NULL,
  `GROUP_MES_TIME` datetime DEFAULT NULL,
  `GROUP_MES_CONTENT` text,
  `GROUP_MES_STATUS` tinyint(4) NOT NULL DEFAULT '0',
  PRIMARY KEY (`GROUP_MES_NO`),
  KEY `GROUP_MES_GROUPNO` (`GROUP_MES_GROUPNO`),
  KEY `GROUP_MES_MEMNO` (`GROUP_MES_MEMNO`)
) ENGINE=InnoDB AUTO_INCREMENT=44 DEFAULT CHARSET=utf8;

--
-- 資料表的匯出資料 `group_mes`
--

INSERT INTO `group_mes` (`GROUP_MES_NO`, `GROUP_MES_GROUPNO`, `GROUP_MES_MEMNO`, `GROUP_MES_TIME`, `GROUP_MES_CONTENT`, `GROUP_MES_STATUS`) VALUES
(1, 1, 3, '2020-10-31 02:06:13', '有飛行倉可以坐嗎', 0),
(2, 2, 2, '2020-10-31 14:04:06', '有纜車可以坐嗎', 0),
(3, 3, 2, '2020-11-17 02:59:47', '1233', 0),
(4, 1, 6, '2020-11-17 11:53:26', '怎麼可能會有嘛', 0),
(5, 9, 5, '2020-11-17 12:24:23', '快來跟我一起揪團喔', 0),
(6, 9, 6, '2020-11-17 16:03:28', 'hihi~', 0),
(8, 9, 11, '2020-11-18 15:04:19', '有美女去嗎', 0),
(9, 8, 12, '2020-11-18 15:08:19', '哈洽馬跟哈魯馬有什麼關係嗎', 0),
(14, 5, 7, '2020-11-21 21:22:57', '期待~還有好多名額!!大家一起來露營:)', 0),
(15, 8, 24, '2020-11-21 21:24:52', '哈洽馬洽馬~我也要去露營', 0),
(16, 9, 18, '2020-11-21 21:28:51', '以前有去過這個營地，風景優美!推推!', 0),
(17, 23, 24, '2020-11-21 21:58:02', '聖誕節約起來~', 0),
(18, 24, 35, '2020-11-21 22:02:58', '晶晶開的團好吃好玩~超優質，推薦大家一起來', 0),
(19, 22, 17, '2020-11-21 22:08:27', '請問可以選住蒙古包嗎?還是一定要紮營?', 0),
(20, 22, 16, '2020-11-21 22:12:44', '這裡辦的豪華露營都很Chill,謝謝主揪', 0),
(21, 21, 12, '2020-11-21 22:39:18', '團主,你好,請問營區的李子有販賣嗎?', 0),
(22, 20, 36, '2020-11-21 22:42:59', '一起跨年Go~Go~', 0),
(23, 20, 37, '2020-11-21 22:45:40', '我也要去跨年，我可以幫大家準備跨年大餐喔', 0),
(24, 19, 38, '2020-11-21 22:51:06', '請問可以帶寵物嗎?是中大型犬', 0),
(25, 24, 39, '2020-11-21 22:56:21', '家昀姊姊推薦，我也要去', 0),
(26, 22, 39, '2020-11-21 22:59:23', '有點趕....先報名，但怕到時候有事，這邊先跟團主說一聲', 0),
(27, 24, 28, '2020-11-22 10:01:15', '有沒有人要買二手switch，我這裡便宜賣喔', 0),
(30, 23, 28, '2020-11-22 12:24:11', '請問有火箭可以搭嗎?', 0),
(31, 23, 28, '2020-11-22 12:24:32', '我愛黎明!我愛黎明!', 0),
(41, 23, 40, '2020-11-22 16:11:17', '同學們~我也要去聖誕節露營', 0),
(42, 6, 31, '2020-11-22 16:18:27', '就是這禮拜了~希望是好天氣', 0),
(43, 25, 15, '2020-11-22 16:21:13', '這個團跟露營無關吧!!', 0);

-- --------------------------------------------------------

--
-- 資料表結構 `g_use_equ`
--

DROP TABLE IF EXISTS `g_use_equ`;
CREATE TABLE IF NOT EXISTS `g_use_equ` (
  `G_USE_EQU_NO` int(11) NOT NULL AUTO_INCREMENT,
  `GROUP_NO` int(11) NOT NULL,
  `G_EQU_NO` int(11) NOT NULL,
  PRIMARY KEY (`G_USE_EQU_NO`),
  KEY `GROUP_NO` (`GROUP_NO`),
  KEY `G_EQU_NO` (`G_EQU_NO`)
) ENGINE=InnoDB AUTO_INCREMENT=37 DEFAULT CHARSET=utf8;

--
-- 資料表的匯出資料 `g_use_equ`
--

INSERT INTO `g_use_equ` (`G_USE_EQU_NO`, `GROUP_NO`, `G_EQU_NO`) VALUES
(1, 1, 8),
(2, 2, 1),
(3, 1, 5),
(4, 2, 11),
(20, 19, 6),
(21, 19, 9),
(22, 19, 11),
(23, 20, 3),
(24, 20, 5),
(25, 20, 10),
(26, 21, 1),
(27, 21, 2),
(28, 21, 6),
(29, 23, 9),
(30, 23, 10),
(31, 23, 11),
(32, 24, 2);

-- --------------------------------------------------------

--
-- 資料表結構 `manager`
--

DROP TABLE IF EXISTS `manager`;
CREATE TABLE IF NOT EXISTS `manager` (
  `MGR_NO` int(11) NOT NULL AUTO_INCREMENT,
  `MGR_ID` varchar(50) NOT NULL,
  `MGR_USER` varchar(20) NOT NULL,
  `MGR_PSW` varchar(50) NOT NULL,
  PRIMARY KEY (`MGR_NO`)
) ENGINE=InnoDB AUTO_INCREMENT=11 DEFAULT CHARSET=utf8;

--
-- 資料表的匯出資料 `manager`
--

INSERT INTO `manager` (`MGR_NO`, `MGR_ID`, `MGR_USER`, `MGR_PSW`) VALUES
(1, 'imDongDong', '董董', 'DongNo1'),
(2, 'imSara', '語語', 'SaraNo1'),
(5, 'vanessa', '小燕兒', 'vanessa'),
(7, 'sss', '斯斯感冒膠囊', 'sss'),
(10, 'hk3345678', '我是愛蹺班的小編', 'hk3345678');

-- --------------------------------------------------------

--
-- 資料表結構 `member`
--

DROP TABLE IF EXISTS `member`;
CREATE TABLE IF NOT EXISTS `member` (
  `MEMNO` int(11) NOT NULL AUTO_INCREMENT,
  `MEM_ID` varchar(60) NOT NULL,
  `MEM_PSW` varchar(60) NOT NULL,
  `MEM_NAME` varchar(20) DEFAULT NULL,
  `MEM_NICKNAME` varchar(20) DEFAULT NULL,
  `MEM_IMG` varchar(30) DEFAULT 'defaul_header.svg',
  `MEM_STATUS` tinyint(1) NOT NULL DEFAULT '0',
  `MEM_BAN_DATE` datetime DEFAULT NULL,
  PRIMARY KEY (`MEMNO`),
  UNIQUE KEY `MEM_ID` (`MEM_ID`)
) ENGINE=InnoDB AUTO_INCREMENT=42 DEFAULT CHARSET=utf8;

--
-- 資料表的匯出資料 `member`
--

INSERT INTO `member` (`MEMNO`, `MEM_ID`, `MEM_PSW`, `MEM_NAME`, `MEM_NICKNAME`, `MEM_IMG`, `MEM_STATUS`, `MEM_BAN_DATE`) VALUES
(2, 'email@google.com', '$2y$10$/v3yKMM1kVkguBEw.OOpYOz5SZ.aMw9yB0bLy2QqT7WMrpXf2mDWe', '王12衛', '大衛', '2.jpg', 0, NULL),
(3, 'email2@gmail.com', '$2y$10$7c/oUal8V8LYka/9aCkJ3uF4RAtPwxluQQ5WnsMQpYOK.2St5Rz8O', '許光漢', '小漢', 'member_02.png', 0, NULL),
(4, '1234522222@gmail.com', '$2y$10$wUi/A9AFI6HBgNLMJT6H7O2dKb2gVj/gNMpQxFs4O3L9OSZKXGRGG', '郭小美', '小美', 'member_03.jpg', 0, NULL),
(5, 'cclaire@gmail.com', '$2y$10$w6m40pbYFQn56OkWpoSK2egNgwDC5wvaoPf.ZkqsEGUttzVGPl1V.', '可可', '可可', 'defaul_header.svg', 0, NULL),
(6, '123@gmail.com', '$2y$10$kNoTNcbSObY07cky5yB6NOI84aCaXUJ4oB5Ut5r.nZGFV704fmAN6', '哈洽馬', '哈洽馬', 'defaul_header.svg', 0, NULL),
(7, 'aaa@gmail.com', '$2y$10$Wz23WL0n2g10OW3dCSEdzuvTmNW5XFBtsWUxBTwpe9zI3mXTABHve', '王厭世', '厭世的me', '7.jpg', 0, NULL),
(8, 'bryant6831@gmail.com', '$2y$10$g7YX2SS78/zD1/0QC4O0F.3MZ1d5XDGO3V14MgQrk2eMQyKs.3bSy', 'R老師', 'R老師', '8.jpg', 0, NULL),
(9, 'sandy@gmail.com', '$2y$10$akwr8whW2IumxcE2p84Jde.H1wnrSx.EVVJe5wUhQRit2JdeqpGkO', '555', 'eee', 'defaul_header.svg', 0, NULL),
(10, 'wind@gmail.com', '$2y$10$T388TiiU1YQfPhv.pjb48.M/yXm7aqbELQsIL3LuxLl8Ft0NkWMEq', '王大陸', '小陸', 'defaul_header.svg', 1, '2020-11-27 00:00:00'),
(11, 'oyUn63@gmail.com', '$2y$10$RdpicFmMQimTB4LHkc2PVehZlb2JQgaJDO8h5cwV7FAEdBUSAYD/y', '黃河', '河河', '11.jpg', 0, NULL),
(12, 'hbJt46@gmail.com', '$2y$10$cDbBRBm9hoNuriZ.pOONROyTTLvI/s2epgkszfTIKxmi.G58T9DG.', '長江', '江哥', '12.jpg', 0, NULL),
(13, 'CfJe33@yahoo.com', '$2y$10$bjhByRIem8QU0ji0.cDl3Ol5X5fsX8HxIah/bKfiuZrTO5D0FcIcK', '陳民為', '為民哥', '13.jpg', 0, NULL),
(14, 'HaQL40@gmail.com', '$2y$10$7lfGEomrAC.zipLEaaNMkOSBCMAMUt22BB5Vl/iQEvD5KEPTg7Hb2', '黃雨欣', '雨雨', '14.jpg', 0, NULL),
(15, 'TpnX39@yahoo.com', '$2y$10$VXhPFO4oKJEMzCqgdGh0pesXPkTXY8yWeUeChxuHMKOmMprcKfs5.', '張晶樺', '晶晶', '15.jpg', 0, NULL),
(16, 'dKbs17@gmail.com', '$2y$10$K7gGj2lT6cJG6HNMh6dI3eclCZcONPyNPfBLNddcR.jcr0uCudrWK', '胡力歐', 'LEO', '16.jpg', 0, NULL),
(17, 'eZdW95@gmail.com', '$2y$10$5EwR8keG6XZ576FaJ6oPGuF6frHkISy8oLVzeaNYQfqaWOQVngduu', '黃彥儒', '小彥', '17.jpg', 0, NULL),
(18, 'sCCu92@gmail.com', '$2y$10$C8UbcC7j7QiNNEzwxqDlzOHIrZLPz8wmo4oXSCZB3o6I20rKr9/uu', '黃暖暖', '暖', '18.jpg', 0, NULL),
(19, 'vFVR57@gmail.com', '$2y$10$yb9QMLww6RYREf1z3SPTaOHWefBXA.3hvmipmkwYoXTkCkxfekSMS', '林佑尋', '小剛', '19.jpg', 0, NULL),
(20, 'SQ@mail.com', '$2y$10$UliUCwphhWs8TwF/8FR78.cz3fIXqtkOqudbb4yrBReeJGk/xadWa', 'SQ', 'SQ', '20.jpg', 0, NULL),
(21, '11@outlook.com', '$2y$10$vMIi/IWQgSiNvoSdxRpUZeSuD4jwJ8H26UAo32sCO.wye41J4J4bW', '依依', '依依', 'defaul_header.svg', 0, NULL),
(22, 'zz@hmail.com', '$2y$10$iItUtHauX0M/od6cW3iSgO93Q1sjTLJP4A7PdrcTZmT.Eqg/ObV6e', 'zz', 'zz', '22.jpg', 0, NULL),
(23, 'abc@gmail.com', '$2y$10$DT025A8nFYqLt3h9W.oc0OOKMRAtGOQMNywMKQ5vhP2RAQsOhFh3a', 'Claire', 'C', 'defaul_header.svg', 0, NULL),
(24, 'jay9527@gmail.com', '$2y$10$OqdhaQ3dR/qe5W.E0HbBPevFHefS0MkvTrnZlZhN0LLj2Lff5Smcm', '班代', '我是班代', '24.jpg', 0, NULL),
(25, 'bbbbbb@gmail.com', '$2y$10$qxQjgOws2hg7Hzm3jIZHV.Bahzqz.y9unggVxwBlDOYsHHLFR170e', 'claire', 'bbb', 'defaul_header.svg', 0, NULL),
(26, 'dullcat420@gmail.com', '123456789', '絲絲感冒膠囊', '絲絲', '26.JPG', 0, NULL),
(27, 'ccc@gmail.com', '$2y$10$QC1h27J3MVO95.h1tGhHI.Jl8.Q.Uw0pxRLcu9DWR4VI.ozfApCKm', '陳雨鑫', '鑫鑫腸', '27.jpg', 0, NULL),
(28, 'ddd@gmail.com', '$2y$10$.ZEU3Z1VUbuC9lFG2ZGyWOqh3xjjyYMMbW0X.LJIyxAfJdGwP.vE6', '張貴華', '阿鬼', '28.jpg', 0, NULL),
(29, 'eee@gmail.com', '$2y$10$HoOSO2QFGf.YPBff5XqWpuu6r/4c4vX4KM0JoEnRJTt3JiMFjwuJ.', '林羽熙', '熙熙', '29.jpg', 0, NULL),
(30, 'fff@gmail.com', '$2y$10$nuFElLk/.H03JAMEMNvwc.ynzeDGbB/G2ED2FcZUkeG6mGtfeTtnq', '鄭容和', '小玉', '30.jpg', 0, NULL),
(31, 'GGG@gmail.com', '$2y$10$Qt5nOUoyCHiVIYcGUbqsmO.fnNTwNbjOCU.0QAokbPnx6bokQN3nO', '野原新之助', '新之助', 'defaul_header.svg', 0, NULL),
(32, 'HHH@gmail.com', '$2y$10$aanK9Smy2NrAXZ9snHIpreGxjC6o4Uz5jEYMTBnG8p1qizYEvU5ym', '魏嘉瑩', '小魏', 'defaul_header.svg', 0, NULL),
(33, 'III@gmail.com', '$2y$10$JLJbA3fyQ5u2lmqyDqJTv.G9xE.50VdFxsRzyo5O8JgsYLK5zidji', '張晶晶', '晶姊', 'defaul_header.svg', 0, NULL),
(34, 'JJJ@gmail.com', '$2y$10$Wl09EikUOGanAP13MXyGQOssYSHMCWSgVRSKsg3pDm0iJ.i1Ky9Uy', '林俊傑', 'JJ', 'defaul_header.svg', 0, NULL),
(35, 'RgEs89@gmail.com', '$2y$10$wE6ciRwnb1trkQJV54u2i.LucKX7IsPM9GE.PNkJuhM6hbyePDmfO', '黎家昀', '家昀', 'defaul_header.svg', 0, NULL),
(36, 'OdEf23@gmail.com', '$2y$10$NGZ.tCsq7AklAWq/6o8XPe6qx.B8IiXXdU2/CJ2JnQO/Qsjj8AQiq', '徐嘉慧', '慧慧', 'defaul_header.svg', 0, NULL),
(37, 'forever5566@gmail.com', '$2y$10$cAs3P.41wWh3yZuXBaj7CeSOGp97LrrPaVmI/.7JeKC1EIjzRsm6K', '黃志影', '爾軒', 'defaul_header.svg', 0, NULL),
(38, 'EgeD80@gmail.com', '$2y$10$MCxUFtSPDOGfUWY7xDpdWedMGhaN4LJwc9FrXQSzhHsENW1sxBd8K', '陳佳餚', '佳餚', 'defaul_header.svg', 0, NULL),
(39, 'feWF34@gmail.com', '$2y$10$qu0XJBd695gRK1HcUC2zFe3X6RjjpdjVhKao9FSDMxEPGA5GEY8AO', '林一竹', '一竹', 'defaul_header.svg', 0, NULL),
(40, 'Don520@gmail.com', '$2y$10$oTSgT2Nmip10Lwupg9AilObY36xAYWtECsdUgTiZNfu1TyLumpoAe', '董董', '董董', '40.jpg', 0, NULL),
(41, 'nnn@gmai.com', '$2y$10$wsHtGaQYG83DjKMCsOMGueYfWqlsDpWYapPKoWtWgXzfx3RMkZNtS', 'ggg', 'ggg', 'defaul_header.svg', 0, NULL);

-- --------------------------------------------------------

--
-- 資料表結構 `message`
--

DROP TABLE IF EXISTS `message`;
CREATE TABLE IF NOT EXISTS `message` (
  `MES_NO` int(11) NOT NULL AUTO_INCREMENT,
  `MES_TIME` datetime DEFAULT NULL,
  `MES_CONTENT` text,
  `MES_OBJECT_MEMNO` int(11) NOT NULL,
  `MES_SENDER_MEMNO` int(11) NOT NULL,
  PRIMARY KEY (`MES_NO`),
  KEY `MES_OBJECT_MEMNO` (`MES_OBJECT_MEMNO`),
  KEY `MES_SENDER_MEMNO` (`MES_SENDER_MEMNO`)
) ENGINE=InnoDB AUTO_INCREMENT=14 DEFAULT CHARSET=utf8;

--
-- 資料表的匯出資料 `message`
--

INSERT INTO `message` (`MES_NO`, `MES_TIME`, `MES_CONTENT`, `MES_OBJECT_MEMNO`, `MES_SENDER_MEMNO`) VALUES
(1, '2020-10-23 21:19:15', '有其他顏色嗎\r\n如果能交換能在交通大學面交嗎? 我比較方便', 2, 3),
(2, '2020-10-28 10:45:18', '如果能交換能在交通大學面交嗎? 我這裡不太方便呢。', 3, 2),
(3, '2020-10-29 15:35:04', '請問有其他好看的顏色嗎? 交換有額外的配件嗎?11/1這天面交行嗎?', 3, 4),
(4, '2020-11-01 16:37:02', '請問週三下午方便交換嗎?\r\n如果能交換能在交通大學面交嗎? 我這裡不太方便呢。', 4, 2),
(5, '2020-11-01 16:37:02', '請問會附上小配件嗎?\r\n週二之後會有空可以面交嗎? 多的顏色可以一起拿嗎?', 3, 2),
(6, '2020-11-17 16:07:03', 'HIHI~!', 3, 6),
(10, '2020-11-22 15:30:12', '您好，我想用睡袋跟您交換，聯絡方式是0922222111，期待您的聯絡', 27, 11),
(11, '2020-11-22 15:34:57', '您好，請問有其他顏色嗎', 27, 11),
(12, '2020-11-22 16:04:23', '您好~可以用卡式爐跟您交換嗎?聯絡方式，Email:anna820@gmail.com', 27, 36),
(13, '2020-11-22 16:07:32', '請問可以約看帳篷外觀狀況嗎?電話:0922-880-886', 27, 19);

-- --------------------------------------------------------

--
-- 資料表結構 `question`
--

DROP TABLE IF EXISTS `question`;
CREATE TABLE IF NOT EXISTS `question` (
  `QUE_NO` int(11) NOT NULL AUTO_INCREMENT,
  `QUE_TITLE` varchar(100) DEFAULT NULL,
  `QUE_OPT1` varchar(50) DEFAULT NULL,
  `QUE_OPT2` varchar(50) DEFAULT NULL,
  `QUE_OPT3` varchar(50) DEFAULT NULL,
  `QUE_ANS` tinyint(4) DEFAULT NULL,
  `QUE_STATUS` tinyint(1) NOT NULL DEFAULT '0',
  PRIMARY KEY (`QUE_NO`)
) ENGINE=InnoDB AUTO_INCREMENT=9 DEFAULT CHARSET=utf8;

--
-- 資料表的匯出資料 `question`
--

INSERT INTO `question` (`QUE_NO`, `QUE_TITLE`, `QUE_OPT1`, `QUE_OPT2`, `QUE_OPT3`, `QUE_ANS`, `QUE_STATUS`) VALUES
(1, '請問露營時遇到熊怎麼辦?', '爬到樹上', '與熊搏鬥', '逃跑', 3, 0),
(2, '當露營地附近有蜂窩該怎麼辦？', '拿石頭砸掉', '通知露營地主人處理，並遠離此地', '不管它，繼續露營', 2, 0),
(3, '露營完後的垃圾該如何處理？', '帶回自己住處處理', '隨意丟棄', '丟進河流裡', 1, 0),
(4, '帳篷底布已經有防水效果，為什麼還需要使用PE防潮墊？', '減少防潮效果', '避免帳篷與地面摩擦並增加壽命', '要跟上流行', 2, 0),
(5, '哪一個不是露營的\"流行用語\"?', '師丈', '團露', '咩噗', 3, 0),
(6, '以下哪個為露營揪團平台？', 'YAHOO奇摩網站', '山森有幸網站', '不清楚', 2, 0),
(7, '購買一般帳篷不需注意以下哪點?', '是否有外帳', '通風度', '帳篷晚上是否有夜光效果', 3, 0),
(8, '請問露營有需要多帶環保餐具嗎?', '需要', '不需要', '不知道', 1, 0);

-- --------------------------------------------------------

--
-- 資料表結構 `reportgroup`
--

DROP TABLE IF EXISTS `reportgroup`;
CREATE TABLE IF NOT EXISTS `reportgroup` (
  `REGROUP_NO` int(11) NOT NULL AUTO_INCREMENT,
  `REGROUP_GROUP_NO` int(11) NOT NULL,
  `REGROUP_MEMNO` int(11) NOT NULL,
  `REGROUP_STATUS` tinyint(4) NOT NULL DEFAULT '0',
  `REGROUP_RESON` tinyint(4) NOT NULL,
  `REGROUP_DATE` datetime DEFAULT NULL,
  `REGROUP_DEAL` varchar(20) DEFAULT NULL,
  PRIMARY KEY (`REGROUP_NO`),
  KEY `REGROUP_GROUP_NO` (`REGROUP_GROUP_NO`),
  KEY `REGROUP_MEMNO` (`REGROUP_MEMNO`)
) ENGINE=InnoDB AUTO_INCREMENT=19 DEFAULT CHARSET=utf8;

--
-- 資料表的匯出資料 `reportgroup`
--

INSERT INTO `reportgroup` (`REGROUP_NO`, `REGROUP_GROUP_NO`, `REGROUP_MEMNO`, `REGROUP_STATUS`, `REGROUP_RESON`, `REGROUP_DATE`, `REGROUP_DEAL`) VALUES
(1, 1, 6, 0, 1, '2020-11-17 11:52:41', '0'),
(2, 8, 5, 0, 2, '2020-11-17 12:27:36', '0');

-- --------------------------------------------------------

--
-- 資料表結構 `reportgroup_mes`
--

DROP TABLE IF EXISTS `reportgroup_mes`;
CREATE TABLE IF NOT EXISTS `reportgroup_mes` (
  `REGROUP_MES_NO` int(11) NOT NULL AUTO_INCREMENT,
  `REGROUP_MES_GROUP_NO` int(11) NOT NULL,
  `REGROUP_MES_MEMNO` int(11) NOT NULL,
  `REGROUP_MES_STATUS` tinyint(4) NOT NULL DEFAULT '0',
  `REGROUP_RESON` tinyint(4) NOT NULL,
  `REGROUP_DATE` datetime DEFAULT NULL,
  `REGROUP_DEAL` varchar(20) DEFAULT NULL,
  PRIMARY KEY (`REGROUP_MES_NO`),
  KEY `REGROUP_MES_MEMNO` (`REGROUP_MES_MEMNO`),
  KEY `reportgroup_mes_ibfk_1` (`REGROUP_MES_GROUP_NO`)
) ENGINE=InnoDB AUTO_INCREMENT=9 DEFAULT CHARSET=utf8;

--
-- 資料表的匯出資料 `reportgroup_mes`
--

INSERT INTO `reportgroup_mes` (`REGROUP_MES_NO`, `REGROUP_MES_GROUP_NO`, `REGROUP_MES_MEMNO`, `REGROUP_MES_STATUS`, `REGROUP_RESON`, `REGROUP_DATE`, `REGROUP_DEAL`) VALUES
(1, 5, 6, 1, 1, '2020-11-17 16:03:42', 'unpass'),
(2, 27, 27, 0, 0, '2020-11-22 11:30:29', '0'),
(7, 3, 11, 0, 0, '2020-11-22 14:52:00', '0');

-- --------------------------------------------------------

--
-- 資料表結構 `reportoutfit`
--

DROP TABLE IF EXISTS `reportoutfit`;
CREATE TABLE IF NOT EXISTS `reportoutfit` (
  `REP_OUT_NO` int(11) NOT NULL AUTO_INCREMENT,
  `REP_OUT_EQUNO` int(11) NOT NULL,
  `REP_OUT_MEMNO` int(11) NOT NULL,
  `REP_OUT_STATUS` tinyint(4) NOT NULL DEFAULT '0',
  `REPOUP_RESON` tinyint(4) DEFAULT NULL,
  `REPOUT_DATE` datetime DEFAULT NULL,
  `REEQU_DEAL` varchar(20) DEFAULT NULL,
  PRIMARY KEY (`REP_OUT_NO`),
  KEY `REP_OUT_MEMNO` (`REP_OUT_MEMNO`),
  KEY `REP_OUT_EQUNO` (`REP_OUT_EQUNO`)
) ENGINE=InnoDB AUTO_INCREMENT=7 DEFAULT CHARSET=utf8;

--
-- 資料表的匯出資料 `reportoutfit`
--

INSERT INTO `reportoutfit` (`REP_OUT_NO`, `REP_OUT_EQUNO`, `REP_OUT_MEMNO`, `REP_OUT_STATUS`, `REPOUP_RESON`, `REPOUT_DATE`, `REEQU_DEAL`) VALUES
(1, 1, 3, 1, 1, '2020-10-31 12:00:19', 'unpass'),
(2, 2, 2, 0, 2, '2020-10-31 05:39:00', ''),
(3, 84, 20, 0, 1, '2020-11-19 18:11:14', ' '),
(5, 86, 7, 0, 0, '2020-11-22 15:16:08', ' ');

--
-- 已匯出資料表的限制(Constraint)
--

--
-- 資料表的 Constraints `applychange`
--
ALTER TABLE `applychange`
  ADD CONSTRAINT `applychange_ibfk_1` FOREIGN KEY (`APCH_MEMNO`) REFERENCES `member` (`MEMNO`) ON UPDATE CASCADE,
  ADD CONSTRAINT `applychange_ibfk_2` FOREIGN KEY (`APCH_BR_EQNO`) REFERENCES `equipment` (`EQU_NO`) ON UPDATE CASCADE,
  ADD CONSTRAINT `applychange_ibfk_3` FOREIGN KEY (`APCH_WANT_EQNO`) REFERENCES `equipment` (`EQU_NO`) ON UPDATE CASCADE;

--
-- 資料表的 Constraints `campcolloection`
--
ALTER TABLE `campcolloection`
  ADD CONSTRAINT `campcolloection_ibfk_1` FOREIGN KEY (`CAMPCO_CAMNO`) REFERENCES `camping` (`CAM_NO`) ON UPDATE CASCADE,
  ADD CONSTRAINT `campcolloection_ibfk_2` FOREIGN KEY (`CAMPCO_MEMNO`) REFERENCES `member` (`MEMNO`) ON UPDATE CASCADE;

--
-- 資料表的 Constraints `campinggroups`
--
ALTER TABLE `campinggroups`
  ADD CONSTRAINT `campinggroups_ibfk_1` FOREIGN KEY (`GROUP_MEMNO`) REFERENCES `member` (`MEMNO`) ON UPDATE CASCADE,
  ADD CONSTRAINT `campinggroups_ibfk_2` FOREIGN KEY (`GROUP_CAM_NO`) REFERENCES `camping` (`CAM_NO`) ON UPDATE CASCADE;

--
-- 資料表的 Constraints `equcollection`
--
ALTER TABLE `equcollection`
  ADD CONSTRAINT `equcollection_ibfk_1` FOREIGN KEY (`EQUCOL_MEMNO`) REFERENCES `member` (`MEMNO`) ON UPDATE CASCADE,
  ADD CONSTRAINT `equcollection_ibfk_2` FOREIGN KEY (`EQUCOL_EQUNO`) REFERENCES `equipment` (`EQU_NO`) ON UPDATE CASCADE;

--
-- 資料表的 Constraints `equipment`
--
ALTER TABLE `equipment`
  ADD CONSTRAINT `equipment_ibfk_1` FOREIGN KEY (`EQU_MEMNO`) REFERENCES `member` (`MEMNO`) ON UPDATE CASCADE,
  ADD CONSTRAINT `equipment_ibfk_6` FOREIGN KEY (`EQU_SWAP_ANO`) REFERENCES `equipment` (`EQU_NO`) ON UPDATE CASCADE,
  ADD CONSTRAINT `equipment_ibfk_7` FOREIGN KEY (`EQUSORT`) REFERENCES `equsort` (`EQUSORT_NO`) ON UPDATE CASCADE;

--
-- 資料表的 Constraints `group_detail`
--
ALTER TABLE `group_detail`
  ADD CONSTRAINT `group_detail_ibfk_1` FOREIGN KEY (`G_DETAIL_MEMNO`) REFERENCES `member` (`MEMNO`) ON UPDATE CASCADE,
  ADD CONSTRAINT `group_detail_ibfk_2` FOREIGN KEY (`G_DEATIL_GROUP_NO`) REFERENCES `campinggroups` (`GROUP_NO`) ON UPDATE CASCADE;

--
-- 資料表的 Constraints `group_mes`
--
ALTER TABLE `group_mes`
  ADD CONSTRAINT `group_mes_ibfk_1` FOREIGN KEY (`GROUP_MES_GROUPNO`) REFERENCES `campinggroups` (`GROUP_NO`) ON UPDATE CASCADE,
  ADD CONSTRAINT `group_mes_ibfk_2` FOREIGN KEY (`GROUP_MES_MEMNO`) REFERENCES `member` (`MEMNO`) ON UPDATE CASCADE;

--
-- 資料表的 Constraints `g_use_equ`
--
ALTER TABLE `g_use_equ`
  ADD CONSTRAINT `g_use_equ_ibfk_1` FOREIGN KEY (`GROUP_NO`) REFERENCES `campinggroups` (`GROUP_NO`) ON UPDATE CASCADE,
  ADD CONSTRAINT `g_use_equ_ibfk_2` FOREIGN KEY (`G_EQU_NO`) REFERENCES `equsort` (`EQUSORT_NO`) ON UPDATE CASCADE;

--
-- 資料表的 Constraints `message`
--
ALTER TABLE `message`
  ADD CONSTRAINT `message_ibfk_1` FOREIGN KEY (`MES_OBJECT_MEMNO`) REFERENCES `member` (`MEMNO`) ON UPDATE CASCADE,
  ADD CONSTRAINT `message_ibfk_2` FOREIGN KEY (`MES_SENDER_MEMNO`) REFERENCES `member` (`MEMNO`);

--
-- 資料表的 Constraints `reportgroup`
--
ALTER TABLE `reportgroup`
  ADD CONSTRAINT `reportgroup_ibfk_1` FOREIGN KEY (`REGROUP_GROUP_NO`) REFERENCES `campinggroups` (`GROUP_NO`) ON UPDATE CASCADE,
  ADD CONSTRAINT `reportgroup_ibfk_2` FOREIGN KEY (`REGROUP_MEMNO`) REFERENCES `member` (`MEMNO`) ON UPDATE CASCADE;

--
-- 資料表的 Constraints `reportgroup_mes`
--
ALTER TABLE `reportgroup_mes`
  ADD CONSTRAINT `reportgroup_mes_ibfk_1` FOREIGN KEY (`REGROUP_MES_GROUP_NO`) REFERENCES `group_mes` (`GROUP_MES_NO`) ON UPDATE CASCADE,
  ADD CONSTRAINT `reportgroup_mes_ibfk_2` FOREIGN KEY (`REGROUP_MES_MEMNO`) REFERENCES `member` (`MEMNO`) ON UPDATE CASCADE;

--
-- 資料表的 Constraints `reportoutfit`
--
ALTER TABLE `reportoutfit`
  ADD CONSTRAINT `reportoutfit_ibfk_1` FOREIGN KEY (`REP_OUT_MEMNO`) REFERENCES `member` (`MEMNO`) ON UPDATE CASCADE,
  ADD CONSTRAINT `reportoutfit_ibfk_2` FOREIGN KEY (`REP_OUT_EQUNO`) REFERENCES `equipment` (`EQU_NO`) ON UPDATE CASCADE;
COMMIT;

/*!40101 SET CHARACTER_SET_CLIENT=@OLD_CHARACTER_SET_CLIENT */;
/*!40101 SET CHARACTER_SET_RESULTS=@OLD_CHARACTER_SET_RESULTS */;
/*!40101 SET COLLATION_CONNECTION=@OLD_COLLATION_CONNECTION */;
